snapshot,ivol,issue
iz100,ivol1000,missing_dir
iz100,ivol1001,missing_dir
iz100,ivol1002,missing_dir
iz100,ivol1003,missing_dir
iz100,ivol1004,missing_dir
iz100,ivol1005,missing_dir
iz100,ivol1006,missing_dir
iz100,ivol1007,missing_dir
iz100,ivol1008,missing_dir
iz100,ivol1009,missing_dir
iz100,ivol1010,missing_dir
iz100,ivol1011,missing_dir
iz100,ivol1012,missing_dir
iz100,ivol1013,missing_dir
iz100,ivol1014,missing_dir
iz100,ivol1015,missing_dir
iz100,ivol1016,missing_dir
iz100,ivol1017,missing_dir
iz100,ivol1018,missing_dir
iz100,ivol1019,missing_dir
iz100,ivol1020,missing_dir
iz100,ivol1021,missing_dir
iz100,ivol1022,missing_dir
iz100,ivol1023,missing_dir
iz100,ivol300,missing_galaxies_hdf5
iz100,ivol301,missing_galaxies_hdf5
iz100,ivol302,missing_galaxies_hdf5
iz100,ivol303,missing_galaxies_hdf5
iz100,ivol304,missing_galaxies_hdf5
iz100,ivol305,missing_galaxies_hdf5
iz100,ivol306,missing_galaxies_hdf5
iz100,ivol307,missing_galaxies_hdf5
iz100,ivol308,missing_galaxies_hdf5
iz100,ivol309,missing_galaxies_hdf5
iz100,ivol310,missing_galaxies_hdf5
iz100,ivol311,missing_galaxies_hdf5
iz100,ivol312,missing_galaxies_hdf5
iz100,ivol313,missing_galaxies_hdf5
iz100,ivol314,missing_galaxies_hdf5
iz100,ivol315,missing_galaxies_hdf5
iz100,ivol316,missing_galaxies_hdf5
iz100,ivol317,missing_galaxies_hdf5
iz100,ivol318,missing_galaxies_hdf5
iz100,ivol319,missing_galaxies_hdf5
iz100,ivol320,missing_galaxies_hdf5
iz100,ivol321,missing_galaxies_hdf5
iz100,ivol322,missing_galaxies_hdf5
iz100,ivol323,missing_galaxies_hdf5
iz100,ivol324,missing_galaxies_hdf5
iz100,ivol325,missing_galaxies_hdf5
iz100,ivol326,missing_galaxies_hdf5
iz100,ivol327,missing_galaxies_hdf5
iz100,ivol328,missing_galaxies_hdf5
iz100,ivol329,missing_galaxies_hdf5
iz100,ivol330,missing_galaxies_hdf5
iz100,ivol331,missing_galaxies_hdf5
iz100,ivol332,missing_galaxies_hdf5
iz100,ivol333,missing_galaxies_hdf5
iz100,ivol334,missing_galaxies_hdf5
iz100,ivol335,missing_galaxies_hdf5
iz100,ivol336,missing_galaxies_hdf5
iz100,ivol337,missing_galaxies_hdf5
iz100,ivol338,missing_galaxies_hdf5
iz100,ivol339,missing_galaxies_hdf5
iz100,ivol340,missing_galaxies_hdf5
iz100,ivol341,missing_galaxies_hdf5
iz100,ivol342,missing_galaxies_hdf5
iz100,ivol343,missing_galaxies_hdf5
iz100,ivol344,missing_galaxies_hdf5
iz100,ivol345,missing_galaxies_hdf5
iz100,ivol346,missing_galaxies_hdf5
iz100,ivol347,missing_galaxies_hdf5
iz100,ivol348,missing_galaxies_hdf5
iz100,ivol349,missing_galaxies_hdf5
iz100,ivol350,missing_galaxies_hdf5
iz100,ivol351,missing_galaxies_hdf5
iz100,ivol352,missing_galaxies_hdf5
iz100,ivol353,missing_galaxies_hdf5
iz100,ivol354,missing_galaxies_hdf5
iz100,ivol355,missing_galaxies_hdf5
iz100,ivol356,missing_galaxies_hdf5
iz100,ivol357,missing_galaxies_hdf5
iz100,ivol358,missing_galaxies_hdf5
iz100,ivol359,missing_galaxies_hdf5
iz100,ivol360,missing_galaxies_hdf5
iz100,ivol361,missing_galaxies_hdf5
iz100,ivol362,missing_galaxies_hdf5
iz100,ivol363,missing_galaxies_hdf5
iz100,ivol364,missing_galaxies_hdf5
iz100,ivol365,missing_galaxies_hdf5
iz100,ivol366,missing_galaxies_hdf5
iz100,ivol367,missing_galaxies_hdf5
iz100,ivol368,missing_galaxies_hdf5
iz100,ivol369,missing_galaxies_hdf5
iz100,ivol370,missing_galaxies_hdf5
iz100,ivol371,missing_galaxies_hdf5
iz100,ivol372,missing_galaxies_hdf5
iz100,ivol373,missing_galaxies_hdf5
iz100,ivol374,missing_galaxies_hdf5
iz100,ivol375,missing_galaxies_hdf5
iz100,ivol376,missing_galaxies_hdf5
iz100,ivol377,missing_galaxies_hdf5
iz100,ivol378,missing_galaxies_hdf5
iz100,ivol379,missing_galaxies_hdf5
iz100,ivol380,missing_galaxies_hdf5
iz100,ivol381,missing_galaxies_hdf5
iz100,ivol382,missing_galaxies_hdf5
iz100,ivol383,missing_galaxies_hdf5
iz100,ivol384,missing_galaxies_hdf5
iz100,ivol385,missing_galaxies_hdf5
iz100,ivol386,missing_galaxies_hdf5
iz100,ivol387,missing_galaxies_hdf5
iz100,ivol388,missing_galaxies_hdf5
iz100,ivol389,missing_galaxies_hdf5
iz100,ivol390,missing_galaxies_hdf5
iz100,ivol391,missing_galaxies_hdf5
iz100,ivol392,missing_galaxies_hdf5
iz100,ivol393,missing_galaxies_hdf5
iz100,ivol394,missing_galaxies_hdf5
iz100,ivol395,missing_galaxies_hdf5
iz100,ivol396,missing_galaxies_hdf5
iz100,ivol397,missing_galaxies_hdf5
iz100,ivol398,missing_galaxies_hdf5
iz100,ivol399,missing_galaxies_hdf5
iz100,ivol400,missing_galaxies_hdf5
iz100,ivol401,missing_galaxies_hdf5
iz100,ivol402,missing_galaxies_hdf5
iz100,ivol403,missing_galaxies_hdf5
iz100,ivol404,missing_galaxies_hdf5
iz100,ivol405,missing_galaxies_hdf5
iz100,ivol406,missing_galaxies_hdf5
iz100,ivol407,missing_galaxies_hdf5
iz100,ivol408,missing_galaxies_hdf5
iz100,ivol409,missing_galaxies_hdf5
iz100,ivol410,missing_galaxies_hdf5
iz100,ivol411,missing_galaxies_hdf5
iz100,ivol412,missing_galaxies_hdf5
iz100,ivol413,missing_galaxies_hdf5
iz100,ivol414,missing_galaxies_hdf5
iz100,ivol415,missing_galaxies_hdf5
iz100,ivol416,missing_galaxies_hdf5
iz100,ivol417,missing_galaxies_hdf5
iz100,ivol418,missing_galaxies_hdf5
iz100,ivol419,missing_galaxies_hdf5
iz100,ivol420,missing_galaxies_hdf5
iz100,ivol421,missing_galaxies_hdf5
iz100,ivol422,missing_galaxies_hdf5
iz100,ivol423,missing_galaxies_hdf5
iz100,ivol424,missing_galaxies_hdf5
iz100,ivol425,missing_galaxies_hdf5
iz100,ivol426,missing_galaxies_hdf5
iz100,ivol427,missing_galaxies_hdf5
iz100,ivol428,missing_galaxies_hdf5
iz100,ivol429,missing_galaxies_hdf5
iz100,ivol430,missing_galaxies_hdf5
iz100,ivol431,missing_galaxies_hdf5
iz100,ivol432,missing_galaxies_hdf5
iz100,ivol433,missing_galaxies_hdf5
iz100,ivol434,missing_galaxies_hdf5
iz100,ivol435,missing_galaxies_hdf5
iz100,ivol436,missing_galaxies_hdf5
iz100,ivol437,missing_galaxies_hdf5
iz100,ivol438,missing_galaxies_hdf5
iz100,ivol439,missing_galaxies_hdf5
iz100,ivol440,missing_galaxies_hdf5
iz100,ivol441,missing_galaxies_hdf5
iz100,ivol442,missing_galaxies_hdf5
iz100,ivol443,missing_galaxies_hdf5
iz100,ivol444,missing_galaxies_hdf5
iz100,ivol445,missing_galaxies_hdf5
iz100,ivol446,missing_galaxies_hdf5
iz100,ivol447,missing_galaxies_hdf5
iz100,ivol448,missing_galaxies_hdf5
iz100,ivol449,missing_galaxies_hdf5
iz100,ivol450,missing_galaxies_hdf5
iz100,ivol451,missing_galaxies_hdf5
iz100,ivol452,missing_galaxies_hdf5
iz100,ivol453,missing_galaxies_hdf5
iz100,ivol454,missing_galaxies_hdf5
iz100,ivol455,missing_galaxies_hdf5
iz100,ivol456,missing_galaxies_hdf5
iz100,ivol457,missing_galaxies_hdf5
iz100,ivol458,missing_galaxies_hdf5
iz100,ivol459,missing_galaxies_hdf5
iz100,ivol460,missing_galaxies_hdf5
iz100,ivol461,missing_galaxies_hdf5
iz100,ivol462,missing_galaxies_hdf5
iz100,ivol463,missing_galaxies_hdf5
iz100,ivol464,missing_galaxies_hdf5
iz100,ivol465,missing_galaxies_hdf5
iz100,ivol466,missing_galaxies_hdf5
iz100,ivol467,missing_galaxies_hdf5
iz100,ivol468,missing_galaxies_hdf5
iz100,ivol469,missing_galaxies_hdf5
iz100,ivol470,missing_galaxies_hdf5
iz100,ivol471,missing_galaxies_hdf5
iz100,ivol472,missing_galaxies_hdf5
iz100,ivol473,missing_galaxies_hdf5
iz100,ivol474,missing_galaxies_hdf5
iz100,ivol475,missing_galaxies_hdf5
iz100,ivol476,missing_galaxies_hdf5
iz100,ivol477,missing_galaxies_hdf5
iz100,ivol478,missing_galaxies_hdf5
iz100,ivol479,missing_galaxies_hdf5
iz100,ivol480,missing_galaxies_hdf5
iz100,ivol481,missing_galaxies_hdf5
iz100,ivol482,missing_galaxies_hdf5
iz100,ivol483,missing_galaxies_hdf5
iz100,ivol484,missing_galaxies_hdf5
iz100,ivol485,missing_galaxies_hdf5
iz100,ivol486,missing_galaxies_hdf5
iz100,ivol487,missing_galaxies_hdf5
iz100,ivol488,missing_galaxies_hdf5
iz100,ivol489,missing_galaxies_hdf5
iz100,ivol490,missing_galaxies_hdf5
iz100,ivol491,missing_galaxies_hdf5
iz100,ivol492,missing_galaxies_hdf5
iz100,ivol493,missing_galaxies_hdf5
iz100,ivol494,missing_galaxies_hdf5
iz100,ivol495,missing_galaxies_hdf5
iz100,ivol496,missing_galaxies_hdf5
iz100,ivol497,missing_galaxies_hdf5
iz100,ivol498,missing_galaxies_hdf5
iz100,ivol499,missing_galaxies_hdf5
iz100,ivol500,missing_dir
iz100,ivol501,missing_dir
iz100,ivol502,missing_dir
iz100,ivol503,missing_dir
iz100,ivol504,missing_dir
iz100,ivol505,missing_dir
iz100,ivol506,missing_dir
iz100,ivol507,missing_dir
iz100,ivol508,missing_dir
iz100,ivol509,missing_dir
iz100,ivol510,missing_dir
iz100,ivol511,missing_galaxies_hdf5
iz100,ivol512,missing_galaxies_hdf5
iz100,ivol513,missing_galaxies_hdf5
iz100,ivol514,missing_galaxies_hdf5
iz100,ivol515,missing_galaxies_hdf5
iz100,ivol516,missing_galaxies_hdf5
iz100,ivol517,missing_galaxies_hdf5
iz100,ivol518,missing_galaxies_hdf5
iz100,ivol519,missing_galaxies_hdf5
iz100,ivol520,missing_galaxies_hdf5
iz100,ivol521,missing_galaxies_hdf5
iz100,ivol522,missing_galaxies_hdf5
iz100,ivol523,missing_galaxies_hdf5
iz100,ivol524,missing_galaxies_hdf5
iz100,ivol525,missing_galaxies_hdf5
iz100,ivol526,missing_galaxies_hdf5
iz100,ivol527,missing_galaxies_hdf5
iz100,ivol528,missing_galaxies_hdf5
iz100,ivol529,missing_galaxies_hdf5
iz100,ivol530,missing_galaxies_hdf5
iz100,ivol531,missing_galaxies_hdf5
iz100,ivol532,missing_galaxies_hdf5
iz100,ivol533,missing_galaxies_hdf5
iz100,ivol534,missing_galaxies_hdf5
iz100,ivol535,missing_galaxies_hdf5
iz100,ivol536,missing_galaxies_hdf5
iz100,ivol537,missing_galaxies_hdf5
iz100,ivol538,missing_galaxies_hdf5
iz100,ivol539,missing_galaxies_hdf5
iz100,ivol540,missing_galaxies_hdf5
iz100,ivol541,missing_galaxies_hdf5
iz100,ivol542,missing_galaxies_hdf5
iz100,ivol543,missing_galaxies_hdf5
iz100,ivol544,missing_galaxies_hdf5
iz100,ivol545,missing_galaxies_hdf5
iz100,ivol546,missing_galaxies_hdf5
iz100,ivol547,missing_galaxies_hdf5
iz100,ivol548,missing_galaxies_hdf5
iz100,ivol549,missing_galaxies_hdf5
iz100,ivol550,missing_galaxies_hdf5
iz100,ivol551,missing_galaxies_hdf5
iz100,ivol552,missing_galaxies_hdf5
iz100,ivol553,missing_galaxies_hdf5
iz100,ivol554,missing_galaxies_hdf5
iz100,ivol555,missing_galaxies_hdf5
iz100,ivol556,missing_galaxies_hdf5
iz100,ivol557,missing_galaxies_hdf5
iz100,ivol558,missing_galaxies_hdf5
iz100,ivol559,missing_galaxies_hdf5
iz100,ivol560,missing_galaxies_hdf5
iz100,ivol561,missing_galaxies_hdf5
iz100,ivol562,missing_galaxies_hdf5
iz100,ivol563,missing_galaxies_hdf5
iz100,ivol564,missing_galaxies_hdf5
iz100,ivol565,missing_galaxies_hdf5
iz100,ivol566,missing_galaxies_hdf5
iz100,ivol567,missing_galaxies_hdf5
iz100,ivol568,missing_galaxies_hdf5
iz100,ivol569,missing_galaxies_hdf5
iz100,ivol570,missing_galaxies_hdf5
iz100,ivol571,missing_galaxies_hdf5
iz100,ivol572,missing_galaxies_hdf5
iz100,ivol573,missing_galaxies_hdf5
iz100,ivol574,missing_galaxies_hdf5
iz100,ivol575,missing_galaxies_hdf5
iz100,ivol576,missing_galaxies_hdf5
iz100,ivol577,missing_galaxies_hdf5
iz100,ivol578,missing_galaxies_hdf5
iz100,ivol579,missing_galaxies_hdf5
iz100,ivol580,missing_galaxies_hdf5
iz100,ivol581,missing_galaxies_hdf5
iz100,ivol582,missing_galaxies_hdf5
iz100,ivol583,missing_galaxies_hdf5
iz100,ivol584,missing_galaxies_hdf5
iz100,ivol585,missing_galaxies_hdf5
iz100,ivol586,missing_galaxies_hdf5
iz100,ivol587,missing_galaxies_hdf5
iz100,ivol588,missing_galaxies_hdf5
iz100,ivol589,missing_galaxies_hdf5
iz100,ivol590,missing_galaxies_hdf5
iz100,ivol591,missing_galaxies_hdf5
iz100,ivol592,missing_galaxies_hdf5
iz100,ivol593,missing_galaxies_hdf5
iz100,ivol594,missing_galaxies_hdf5
iz100,ivol595,missing_galaxies_hdf5
iz100,ivol596,missing_galaxies_hdf5
iz100,ivol597,missing_galaxies_hdf5
iz100,ivol598,missing_galaxies_hdf5
iz100,ivol599,missing_galaxies_hdf5
iz100,ivol600,missing_dir
iz100,ivol601,missing_dir
iz100,ivol602,missing_dir
iz100,ivol603,missing_dir
iz100,ivol604,missing_dir
iz100,ivol605,missing_dir
iz100,ivol606,missing_dir
iz100,ivol607,missing_dir
iz100,ivol608,missing_dir
iz100,ivol609,missing_dir
iz100,ivol610,missing_dir
iz100,ivol611,missing_dir
iz100,ivol612,missing_dir
iz100,ivol613,missing_dir
iz100,ivol614,missing_dir
iz100,ivol615,missing_dir
iz100,ivol616,missing_dir
iz100,ivol617,missing_dir
iz100,ivol618,missing_dir
iz100,ivol619,missing_dir
iz100,ivol620,missing_dir
iz100,ivol621,missing_dir
iz100,ivol622,missing_dir
iz100,ivol623,missing_dir
iz100,ivol624,missing_dir
iz100,ivol625,missing_dir
iz100,ivol626,missing_dir
iz100,ivol627,missing_dir
iz100,ivol628,missing_dir
iz100,ivol629,missing_dir
iz100,ivol630,missing_dir
iz100,ivol631,missing_dir
iz100,ivol632,missing_dir
iz100,ivol633,missing_dir
iz100,ivol634,missing_dir
iz100,ivol635,missing_dir
iz100,ivol636,missing_dir
iz100,ivol637,missing_dir
iz100,ivol638,missing_dir
iz100,ivol639,missing_dir
iz100,ivol640,missing_dir
iz100,ivol641,missing_dir
iz100,ivol642,missing_dir
iz100,ivol643,missing_dir
iz100,ivol644,missing_dir
iz100,ivol645,missing_dir
iz100,ivol646,missing_dir
iz100,ivol647,missing_dir
iz100,ivol648,missing_dir
iz100,ivol649,missing_dir
iz100,ivol650,missing_galaxies_hdf5
iz100,ivol651,missing_galaxies_hdf5
iz100,ivol652,missing_galaxies_hdf5
iz100,ivol653,missing_galaxies_hdf5
iz100,ivol654,missing_galaxies_hdf5
iz100,ivol655,missing_galaxies_hdf5
iz100,ivol656,missing_galaxies_hdf5
iz100,ivol657,missing_galaxies_hdf5
iz100,ivol658,missing_galaxies_hdf5
iz100,ivol659,missing_galaxies_hdf5
iz100,ivol660,missing_galaxies_hdf5
iz100,ivol661,missing_galaxies_hdf5
iz100,ivol662,missing_galaxies_hdf5
iz100,ivol663,missing_galaxies_hdf5
iz100,ivol664,missing_galaxies_hdf5
iz100,ivol665,missing_galaxies_hdf5
iz100,ivol666,missing_galaxies_hdf5
iz100,ivol667,missing_galaxies_hdf5
iz100,ivol668,missing_galaxies_hdf5
iz100,ivol669,missing_galaxies_hdf5
iz100,ivol670,missing_galaxies_hdf5
iz100,ivol671,missing_galaxies_hdf5
iz100,ivol672,missing_galaxies_hdf5
iz100,ivol673,missing_galaxies_hdf5
iz100,ivol674,missing_galaxies_hdf5
iz100,ivol675,missing_galaxies_hdf5
iz100,ivol676,missing_galaxies_hdf5
iz100,ivol677,missing_galaxies_hdf5
iz100,ivol678,missing_galaxies_hdf5
iz100,ivol679,missing_galaxies_hdf5
iz100,ivol680,missing_galaxies_hdf5
iz100,ivol681,missing_galaxies_hdf5
iz100,ivol682,missing_galaxies_hdf5
iz100,ivol683,missing_galaxies_hdf5
iz100,ivol684,missing_galaxies_hdf5
iz100,ivol685,missing_galaxies_hdf5
iz100,ivol686,missing_galaxies_hdf5
iz100,ivol687,missing_galaxies_hdf5
iz100,ivol688,missing_galaxies_hdf5
iz100,ivol689,missing_galaxies_hdf5
iz100,ivol690,missing_galaxies_hdf5
iz100,ivol691,missing_galaxies_hdf5
iz100,ivol692,missing_galaxies_hdf5
iz100,ivol693,missing_galaxies_hdf5
iz100,ivol694,missing_galaxies_hdf5
iz100,ivol695,missing_galaxies_hdf5
iz100,ivol696,missing_galaxies_hdf5
iz100,ivol697,missing_galaxies_hdf5
iz100,ivol698,missing_galaxies_hdf5
iz100,ivol699,missing_galaxies_hdf5
iz100,ivol900,missing_dir
iz100,ivol901,missing_dir
iz100,ivol902,missing_dir
iz100,ivol903,missing_dir
iz100,ivol904,missing_dir
iz100,ivol905,missing_dir
iz100,ivol906,missing_dir
iz100,ivol907,missing_dir
iz100,ivol908,missing_dir
iz100,ivol909,missing_dir
iz100,ivol910,missing_dir
iz100,ivol911,missing_dir
iz100,ivol912,missing_dir
iz100,ivol913,missing_dir
iz100,ivol914,missing_dir
iz100,ivol915,missing_dir
iz100,ivol916,missing_dir
iz100,ivol917,missing_dir
iz100,ivol918,missing_dir
iz100,ivol919,missing_dir
iz100,ivol920,missing_dir
iz100,ivol921,missing_dir
iz100,ivol922,missing_dir
iz100,ivol923,missing_dir
iz100,ivol924,missing_dir
iz100,ivol925,missing_dir
iz100,ivol926,missing_dir
iz100,ivol927,missing_dir
iz100,ivol928,missing_dir
iz100,ivol929,missing_dir
iz100,ivol930,missing_dir
iz100,ivol931,missing_dir
iz100,ivol932,missing_dir
iz100,ivol933,missing_dir
iz100,ivol934,missing_dir
iz100,ivol935,missing_dir
iz100,ivol936,missing_dir
iz100,ivol937,missing_dir
iz100,ivol938,missing_dir
iz100,ivol939,missing_dir
iz100,ivol940,missing_dir
iz100,ivol941,missing_dir
iz100,ivol942,missing_dir
iz100,ivol943,missing_dir
iz100,ivol944,missing_dir
iz100,ivol945,missing_dir
iz100,ivol946,missing_dir
iz100,ivol947,missing_dir
iz100,ivol948,missing_dir
iz100,ivol949,missing_dir
iz100,ivol950,missing_dir
iz100,ivol951,missing_dir
iz100,ivol952,missing_dir
iz100,ivol953,missing_dir
iz100,ivol954,missing_dir
iz100,ivol955,missing_dir
iz100,ivol956,missing_dir
iz100,ivol957,missing_dir
iz100,ivol958,missing_dir
iz100,ivol959,missing_dir
iz100,ivol960,missing_dir
iz100,ivol961,missing_dir
iz100,ivol962,missing_dir
iz100,ivol963,missing_dir
iz100,ivol964,missing_dir
iz100,ivol965,missing_dir
iz100,ivol966,missing_dir
iz100,ivol967,missing_dir
iz100,ivol968,missing_dir
iz100,ivol969,missing_dir
iz100,ivol970,missing_dir
iz100,ivol971,missing_dir
iz100,ivol972,missing_dir
iz100,ivol973,missing_dir
iz100,ivol974,missing_dir
iz100,ivol975,missing_dir
iz100,ivol976,missing_dir
iz100,ivol977,missing_dir
iz100,ivol978,missing_dir
iz100,ivol979,missing_dir
iz100,ivol980,missing_dir
iz100,ivol981,missing_dir
iz100,ivol982,missing_dir
iz100,ivol983,missing_dir
iz100,ivol984,missing_dir
iz100,ivol985,missing_dir
iz100,ivol986,missing_dir
iz100,ivol987,missing_dir
iz100,ivol988,missing_dir
iz100,ivol989,missing_dir
iz100,ivol990,missing_dir
iz100,ivol991,missing_dir
iz100,ivol992,missing_dir
iz100,ivol993,missing_dir
iz100,ivol994,missing_dir
iz100,ivol995,missing_dir
iz100,ivol996,missing_dir
iz100,ivol997,missing_dir
iz100,ivol998,missing_dir
iz100,ivol999,missing_dir
iz105,ivol1000,missing_dir
iz105,ivol1001,missing_dir
iz105,ivol1002,missing_dir
iz105,ivol1003,missing_dir
iz105,ivol1004,missing_dir
iz105,ivol1005,missing_dir
iz105,ivol1006,missing_dir
iz105,ivol1007,missing_dir
iz105,ivol1008,missing_dir
iz105,ivol1009,missing_dir
iz105,ivol1010,missing_dir
iz105,ivol1011,missing_dir
iz105,ivol1012,missing_dir
iz105,ivol1013,missing_dir
iz105,ivol1014,missing_dir
iz105,ivol1015,missing_dir
iz105,ivol1016,missing_dir
iz105,ivol1017,missing_dir
iz105,ivol1018,missing_dir
iz105,ivol1019,missing_dir
iz105,ivol1020,missing_dir
iz105,ivol1021,missing_dir
iz105,ivol1022,missing_dir
iz105,ivol1023,missing_dir
iz105,ivol300,missing_galaxies_hdf5
iz105,ivol301,missing_galaxies_hdf5
iz105,ivol302,missing_galaxies_hdf5
iz105,ivol303,missing_galaxies_hdf5
iz105,ivol304,missing_galaxies_hdf5
iz105,ivol305,missing_galaxies_hdf5
iz105,ivol306,missing_galaxies_hdf5
iz105,ivol307,missing_galaxies_hdf5
iz105,ivol308,missing_galaxies_hdf5
iz105,ivol309,missing_galaxies_hdf5
iz105,ivol310,missing_galaxies_hdf5
iz105,ivol311,missing_galaxies_hdf5
iz105,ivol312,missing_galaxies_hdf5
iz105,ivol313,missing_galaxies_hdf5
iz105,ivol314,missing_galaxies_hdf5
iz105,ivol315,missing_galaxies_hdf5
iz105,ivol316,missing_galaxies_hdf5
iz105,ivol317,missing_galaxies_hdf5
iz105,ivol318,missing_galaxies_hdf5
iz105,ivol319,missing_galaxies_hdf5
iz105,ivol320,missing_galaxies_hdf5
iz105,ivol321,missing_galaxies_hdf5
iz105,ivol322,missing_galaxies_hdf5
iz105,ivol323,missing_galaxies_hdf5
iz105,ivol324,missing_galaxies_hdf5
iz105,ivol325,missing_galaxies_hdf5
iz105,ivol326,missing_galaxies_hdf5
iz105,ivol327,missing_galaxies_hdf5
iz105,ivol328,missing_galaxies_hdf5
iz105,ivol329,missing_galaxies_hdf5
iz105,ivol330,missing_galaxies_hdf5
iz105,ivol331,missing_galaxies_hdf5
iz105,ivol332,missing_galaxies_hdf5
iz105,ivol333,missing_galaxies_hdf5
iz105,ivol334,missing_galaxies_hdf5
iz105,ivol335,missing_galaxies_hdf5
iz105,ivol336,missing_galaxies_hdf5
iz105,ivol337,missing_galaxies_hdf5
iz105,ivol338,missing_galaxies_hdf5
iz105,ivol339,missing_galaxies_hdf5
iz105,ivol340,missing_galaxies_hdf5
iz105,ivol341,missing_galaxies_hdf5
iz105,ivol342,missing_galaxies_hdf5
iz105,ivol343,missing_galaxies_hdf5
iz105,ivol344,missing_galaxies_hdf5
iz105,ivol345,missing_galaxies_hdf5
iz105,ivol346,missing_galaxies_hdf5
iz105,ivol347,missing_galaxies_hdf5
iz105,ivol348,missing_galaxies_hdf5
iz105,ivol349,missing_galaxies_hdf5
iz105,ivol350,missing_galaxies_hdf5
iz105,ivol351,missing_galaxies_hdf5
iz105,ivol352,missing_galaxies_hdf5
iz105,ivol353,missing_galaxies_hdf5
iz105,ivol354,missing_galaxies_hdf5
iz105,ivol355,missing_galaxies_hdf5
iz105,ivol356,missing_galaxies_hdf5
iz105,ivol357,missing_galaxies_hdf5
iz105,ivol358,missing_galaxies_hdf5
iz105,ivol359,missing_galaxies_hdf5
iz105,ivol360,missing_galaxies_hdf5
iz105,ivol361,missing_galaxies_hdf5
iz105,ivol362,missing_galaxies_hdf5
iz105,ivol363,missing_galaxies_hdf5
iz105,ivol364,missing_galaxies_hdf5
iz105,ivol365,missing_galaxies_hdf5
iz105,ivol366,missing_galaxies_hdf5
iz105,ivol367,missing_galaxies_hdf5
iz105,ivol368,missing_galaxies_hdf5
iz105,ivol369,missing_galaxies_hdf5
iz105,ivol370,missing_galaxies_hdf5
iz105,ivol371,missing_galaxies_hdf5
iz105,ivol372,missing_galaxies_hdf5
iz105,ivol373,missing_galaxies_hdf5
iz105,ivol374,missing_galaxies_hdf5
iz105,ivol375,missing_galaxies_hdf5
iz105,ivol376,missing_galaxies_hdf5
iz105,ivol377,missing_galaxies_hdf5
iz105,ivol378,missing_galaxies_hdf5
iz105,ivol379,missing_galaxies_hdf5
iz105,ivol380,missing_galaxies_hdf5
iz105,ivol381,missing_galaxies_hdf5
iz105,ivol382,missing_galaxies_hdf5
iz105,ivol383,missing_galaxies_hdf5
iz105,ivol384,missing_galaxies_hdf5
iz105,ivol385,missing_galaxies_hdf5
iz105,ivol386,missing_galaxies_hdf5
iz105,ivol387,missing_galaxies_hdf5
iz105,ivol388,missing_galaxies_hdf5
iz105,ivol389,missing_galaxies_hdf5
iz105,ivol390,missing_galaxies_hdf5
iz105,ivol391,missing_galaxies_hdf5
iz105,ivol392,missing_galaxies_hdf5
iz105,ivol393,missing_galaxies_hdf5
iz105,ivol394,missing_galaxies_hdf5
iz105,ivol395,missing_galaxies_hdf5
iz105,ivol396,missing_galaxies_hdf5
iz105,ivol397,missing_galaxies_hdf5
iz105,ivol398,missing_galaxies_hdf5
iz105,ivol399,missing_galaxies_hdf5
iz105,ivol400,missing_galaxies_hdf5
iz105,ivol401,missing_galaxies_hdf5
iz105,ivol402,missing_galaxies_hdf5
iz105,ivol403,missing_galaxies_hdf5
iz105,ivol404,missing_galaxies_hdf5
iz105,ivol405,missing_galaxies_hdf5
iz105,ivol406,missing_galaxies_hdf5
iz105,ivol407,missing_galaxies_hdf5
iz105,ivol408,missing_galaxies_hdf5
iz105,ivol409,missing_galaxies_hdf5
iz105,ivol410,missing_galaxies_hdf5
iz105,ivol411,missing_galaxies_hdf5
iz105,ivol412,missing_galaxies_hdf5
iz105,ivol413,missing_galaxies_hdf5
iz105,ivol414,missing_galaxies_hdf5
iz105,ivol415,missing_galaxies_hdf5
iz105,ivol416,missing_galaxies_hdf5
iz105,ivol417,missing_galaxies_hdf5
iz105,ivol418,missing_galaxies_hdf5
iz105,ivol419,missing_galaxies_hdf5
iz105,ivol420,missing_galaxies_hdf5
iz105,ivol421,missing_galaxies_hdf5
iz105,ivol422,missing_galaxies_hdf5
iz105,ivol423,missing_galaxies_hdf5
iz105,ivol424,missing_galaxies_hdf5
iz105,ivol425,missing_galaxies_hdf5
iz105,ivol426,missing_galaxies_hdf5
iz105,ivol427,missing_galaxies_hdf5
iz105,ivol428,missing_galaxies_hdf5
iz105,ivol429,missing_galaxies_hdf5
iz105,ivol430,missing_galaxies_hdf5
iz105,ivol431,missing_galaxies_hdf5
iz105,ivol432,missing_galaxies_hdf5
iz105,ivol433,missing_galaxies_hdf5
iz105,ivol434,missing_galaxies_hdf5
iz105,ivol435,missing_galaxies_hdf5
iz105,ivol436,missing_galaxies_hdf5
iz105,ivol437,missing_galaxies_hdf5
iz105,ivol438,missing_galaxies_hdf5
iz105,ivol439,missing_galaxies_hdf5
iz105,ivol440,missing_galaxies_hdf5
iz105,ivol441,missing_galaxies_hdf5
iz105,ivol442,missing_galaxies_hdf5
iz105,ivol443,missing_galaxies_hdf5
iz105,ivol444,missing_galaxies_hdf5
iz105,ivol445,missing_galaxies_hdf5
iz105,ivol446,missing_galaxies_hdf5
iz105,ivol447,missing_galaxies_hdf5
iz105,ivol448,missing_galaxies_hdf5
iz105,ivol449,missing_galaxies_hdf5
iz105,ivol450,missing_galaxies_hdf5
iz105,ivol451,missing_galaxies_hdf5
iz105,ivol452,missing_galaxies_hdf5
iz105,ivol453,missing_galaxies_hdf5
iz105,ivol454,missing_galaxies_hdf5
iz105,ivol455,missing_galaxies_hdf5
iz105,ivol456,missing_galaxies_hdf5
iz105,ivol457,missing_galaxies_hdf5
iz105,ivol458,missing_galaxies_hdf5
iz105,ivol459,missing_galaxies_hdf5
iz105,ivol460,missing_galaxies_hdf5
iz105,ivol461,missing_galaxies_hdf5
iz105,ivol462,missing_galaxies_hdf5
iz105,ivol463,missing_galaxies_hdf5
iz105,ivol464,missing_galaxies_hdf5
iz105,ivol465,missing_galaxies_hdf5
iz105,ivol466,missing_galaxies_hdf5
iz105,ivol467,missing_galaxies_hdf5
iz105,ivol468,missing_galaxies_hdf5
iz105,ivol469,missing_galaxies_hdf5
iz105,ivol470,missing_galaxies_hdf5
iz105,ivol471,missing_galaxies_hdf5
iz105,ivol472,missing_galaxies_hdf5
iz105,ivol473,missing_galaxies_hdf5
iz105,ivol474,missing_galaxies_hdf5
iz105,ivol475,missing_galaxies_hdf5
iz105,ivol476,missing_galaxies_hdf5
iz105,ivol477,missing_galaxies_hdf5
iz105,ivol478,missing_galaxies_hdf5
iz105,ivol479,missing_galaxies_hdf5
iz105,ivol480,missing_galaxies_hdf5
iz105,ivol481,missing_galaxies_hdf5
iz105,ivol482,missing_galaxies_hdf5
iz105,ivol483,missing_galaxies_hdf5
iz105,ivol484,missing_galaxies_hdf5
iz105,ivol485,missing_galaxies_hdf5
iz105,ivol486,missing_galaxies_hdf5
iz105,ivol487,missing_galaxies_hdf5
iz105,ivol488,missing_galaxies_hdf5
iz105,ivol489,missing_galaxies_hdf5
iz105,ivol490,missing_galaxies_hdf5
iz105,ivol491,missing_galaxies_hdf5
iz105,ivol492,missing_galaxies_hdf5
iz105,ivol493,missing_galaxies_hdf5
iz105,ivol494,missing_galaxies_hdf5
iz105,ivol495,missing_galaxies_hdf5
iz105,ivol496,missing_galaxies_hdf5
iz105,ivol497,missing_galaxies_hdf5
iz105,ivol498,missing_galaxies_hdf5
iz105,ivol499,missing_galaxies_hdf5
iz105,ivol500,missing_dir
iz105,ivol501,missing_dir
iz105,ivol502,missing_dir
iz105,ivol503,missing_dir
iz105,ivol504,missing_dir
iz105,ivol505,missing_dir
iz105,ivol506,missing_dir
iz105,ivol507,missing_dir
iz105,ivol508,missing_dir
iz105,ivol509,missing_dir
iz105,ivol510,missing_dir
iz105,ivol511,missing_galaxies_hdf5
iz105,ivol512,missing_galaxies_hdf5
iz105,ivol513,missing_galaxies_hdf5
iz105,ivol514,missing_galaxies_hdf5
iz105,ivol515,missing_galaxies_hdf5
iz105,ivol516,missing_galaxies_hdf5
iz105,ivol517,missing_galaxies_hdf5
iz105,ivol518,missing_galaxies_hdf5
iz105,ivol519,missing_galaxies_hdf5
iz105,ivol520,missing_galaxies_hdf5
iz105,ivol521,missing_galaxies_hdf5
iz105,ivol522,missing_galaxies_hdf5
iz105,ivol523,missing_galaxies_hdf5
iz105,ivol524,missing_galaxies_hdf5
iz105,ivol525,missing_galaxies_hdf5
iz105,ivol526,missing_galaxies_hdf5
iz105,ivol527,missing_galaxies_hdf5
iz105,ivol528,missing_galaxies_hdf5
iz105,ivol529,missing_galaxies_hdf5
iz105,ivol530,missing_galaxies_hdf5
iz105,ivol531,missing_galaxies_hdf5
iz105,ivol532,missing_galaxies_hdf5
iz105,ivol533,missing_galaxies_hdf5
iz105,ivol534,missing_galaxies_hdf5
iz105,ivol535,missing_galaxies_hdf5
iz105,ivol536,missing_galaxies_hdf5
iz105,ivol537,missing_galaxies_hdf5
iz105,ivol538,missing_galaxies_hdf5
iz105,ivol539,missing_galaxies_hdf5
iz105,ivol540,missing_galaxies_hdf5
iz105,ivol541,missing_galaxies_hdf5
iz105,ivol542,missing_galaxies_hdf5
iz105,ivol543,missing_galaxies_hdf5
iz105,ivol544,missing_galaxies_hdf5
iz105,ivol545,missing_galaxies_hdf5
iz105,ivol546,missing_galaxies_hdf5
iz105,ivol547,missing_galaxies_hdf5
iz105,ivol548,missing_galaxies_hdf5
iz105,ivol549,missing_galaxies_hdf5
iz105,ivol550,missing_galaxies_hdf5
iz105,ivol551,missing_galaxies_hdf5
iz105,ivol552,missing_galaxies_hdf5
iz105,ivol553,missing_galaxies_hdf5
iz105,ivol554,missing_galaxies_hdf5
iz105,ivol555,missing_galaxies_hdf5
iz105,ivol556,missing_galaxies_hdf5
iz105,ivol557,missing_galaxies_hdf5
iz105,ivol558,missing_galaxies_hdf5
iz105,ivol559,missing_galaxies_hdf5
iz105,ivol560,missing_galaxies_hdf5
iz105,ivol561,missing_galaxies_hdf5
iz105,ivol562,missing_galaxies_hdf5
iz105,ivol563,missing_galaxies_hdf5
iz105,ivol564,missing_galaxies_hdf5
iz105,ivol565,missing_galaxies_hdf5
iz105,ivol566,missing_galaxies_hdf5
iz105,ivol567,missing_galaxies_hdf5
iz105,ivol568,missing_galaxies_hdf5
iz105,ivol569,missing_galaxies_hdf5
iz105,ivol570,missing_galaxies_hdf5
iz105,ivol571,missing_galaxies_hdf5
iz105,ivol572,missing_galaxies_hdf5
iz105,ivol573,missing_galaxies_hdf5
iz105,ivol574,missing_galaxies_hdf5
iz105,ivol575,missing_galaxies_hdf5
iz105,ivol576,missing_galaxies_hdf5
iz105,ivol577,missing_galaxies_hdf5
iz105,ivol578,missing_galaxies_hdf5
iz105,ivol579,missing_galaxies_hdf5
iz105,ivol580,missing_galaxies_hdf5
iz105,ivol581,missing_galaxies_hdf5
iz105,ivol582,missing_galaxies_hdf5
iz105,ivol583,missing_galaxies_hdf5
iz105,ivol584,missing_galaxies_hdf5
iz105,ivol585,missing_galaxies_hdf5
iz105,ivol586,missing_galaxies_hdf5
iz105,ivol587,missing_galaxies_hdf5
iz105,ivol588,missing_galaxies_hdf5
iz105,ivol589,missing_galaxies_hdf5
iz105,ivol590,missing_galaxies_hdf5
iz105,ivol591,missing_galaxies_hdf5
iz105,ivol592,missing_galaxies_hdf5
iz105,ivol593,missing_galaxies_hdf5
iz105,ivol594,missing_galaxies_hdf5
iz105,ivol595,missing_galaxies_hdf5
iz105,ivol596,missing_galaxies_hdf5
iz105,ivol597,missing_galaxies_hdf5
iz105,ivol598,missing_galaxies_hdf5
iz105,ivol599,missing_galaxies_hdf5
iz105,ivol600,missing_dir
iz105,ivol601,missing_dir
iz105,ivol602,missing_dir
iz105,ivol603,missing_dir
iz105,ivol604,missing_dir
iz105,ivol605,missing_dir
iz105,ivol606,missing_dir
iz105,ivol607,missing_dir
iz105,ivol608,missing_dir
iz105,ivol609,missing_dir
iz105,ivol610,missing_dir
iz105,ivol611,missing_dir
iz105,ivol612,missing_dir
iz105,ivol613,missing_dir
iz105,ivol614,missing_dir
iz105,ivol615,missing_dir
iz105,ivol616,missing_dir
iz105,ivol617,missing_dir
iz105,ivol618,missing_dir
iz105,ivol619,missing_dir
iz105,ivol620,missing_dir
iz105,ivol621,missing_dir
iz105,ivol622,missing_dir
iz105,ivol623,missing_dir
iz105,ivol624,missing_dir
iz105,ivol625,missing_dir
iz105,ivol626,missing_dir
iz105,ivol627,missing_dir
iz105,ivol628,missing_dir
iz105,ivol629,missing_dir
iz105,ivol630,missing_dir
iz105,ivol631,missing_dir
iz105,ivol632,missing_dir
iz105,ivol633,missing_dir
iz105,ivol634,missing_dir
iz105,ivol635,missing_dir
iz105,ivol636,missing_dir
iz105,ivol637,missing_dir
iz105,ivol638,missing_dir
iz105,ivol639,missing_dir
iz105,ivol640,missing_dir
iz105,ivol641,missing_dir
iz105,ivol642,missing_dir
iz105,ivol643,missing_dir
iz105,ivol644,missing_dir
iz105,ivol645,missing_dir
iz105,ivol646,missing_dir
iz105,ivol647,missing_dir
iz105,ivol648,missing_dir
iz105,ivol649,missing_dir
iz105,ivol650,missing_galaxies_hdf5
iz105,ivol651,missing_galaxies_hdf5
iz105,ivol652,missing_galaxies_hdf5
iz105,ivol653,missing_galaxies_hdf5
iz105,ivol654,missing_galaxies_hdf5
iz105,ivol655,missing_galaxies_hdf5
iz105,ivol656,missing_galaxies_hdf5
iz105,ivol657,missing_galaxies_hdf5
iz105,ivol658,missing_galaxies_hdf5
iz105,ivol659,missing_galaxies_hdf5
iz105,ivol660,missing_galaxies_hdf5
iz105,ivol661,missing_galaxies_hdf5
iz105,ivol662,missing_galaxies_hdf5
iz105,ivol663,missing_galaxies_hdf5
iz105,ivol664,missing_galaxies_hdf5
iz105,ivol665,missing_galaxies_hdf5
iz105,ivol666,missing_galaxies_hdf5
iz105,ivol667,missing_galaxies_hdf5
iz105,ivol668,missing_galaxies_hdf5
iz105,ivol669,missing_galaxies_hdf5
iz105,ivol670,missing_galaxies_hdf5
iz105,ivol671,missing_galaxies_hdf5
iz105,ivol672,missing_galaxies_hdf5
iz105,ivol673,missing_galaxies_hdf5
iz105,ivol674,missing_galaxies_hdf5
iz105,ivol675,missing_galaxies_hdf5
iz105,ivol676,missing_galaxies_hdf5
iz105,ivol677,missing_galaxies_hdf5
iz105,ivol678,missing_galaxies_hdf5
iz105,ivol679,missing_galaxies_hdf5
iz105,ivol680,missing_galaxies_hdf5
iz105,ivol681,missing_galaxies_hdf5
iz105,ivol682,missing_galaxies_hdf5
iz105,ivol683,missing_galaxies_hdf5
iz105,ivol684,missing_galaxies_hdf5
iz105,ivol685,missing_galaxies_hdf5
iz105,ivol686,missing_galaxies_hdf5
iz105,ivol687,missing_galaxies_hdf5
iz105,ivol688,missing_galaxies_hdf5
iz105,ivol689,missing_galaxies_hdf5
iz105,ivol690,missing_galaxies_hdf5
iz105,ivol691,missing_galaxies_hdf5
iz105,ivol692,missing_galaxies_hdf5
iz105,ivol693,missing_galaxies_hdf5
iz105,ivol694,missing_galaxies_hdf5
iz105,ivol695,missing_galaxies_hdf5
iz105,ivol696,missing_galaxies_hdf5
iz105,ivol697,missing_galaxies_hdf5
iz105,ivol698,missing_galaxies_hdf5
iz105,ivol699,missing_galaxies_hdf5
iz105,ivol900,missing_dir
iz105,ivol901,missing_dir
iz105,ivol902,missing_dir
iz105,ivol903,missing_dir
iz105,ivol904,missing_dir
iz105,ivol905,missing_dir
iz105,ivol906,missing_dir
iz105,ivol907,missing_dir
iz105,ivol908,missing_dir
iz105,ivol909,missing_dir
iz105,ivol910,missing_dir
iz105,ivol911,missing_dir
iz105,ivol912,missing_dir
iz105,ivol913,missing_dir
iz105,ivol914,missing_dir
iz105,ivol915,missing_dir
iz105,ivol916,missing_dir
iz105,ivol917,missing_dir
iz105,ivol918,missing_dir
iz105,ivol919,missing_dir
iz105,ivol920,missing_dir
iz105,ivol921,missing_dir
iz105,ivol922,missing_dir
iz105,ivol923,missing_dir
iz105,ivol924,missing_dir
iz105,ivol925,missing_dir
iz105,ivol926,missing_dir
iz105,ivol927,missing_dir
iz105,ivol928,missing_dir
iz105,ivol929,missing_dir
iz105,ivol930,missing_dir
iz105,ivol931,missing_dir
iz105,ivol932,missing_dir
iz105,ivol933,missing_dir
iz105,ivol934,missing_dir
iz105,ivol935,missing_dir
iz105,ivol936,missing_dir
iz105,ivol937,missing_dir
iz105,ivol938,missing_dir
iz105,ivol939,missing_dir
iz105,ivol940,missing_dir
iz105,ivol941,missing_dir
iz105,ivol942,missing_dir
iz105,ivol943,missing_dir
iz105,ivol944,missing_dir
iz105,ivol945,missing_dir
iz105,ivol946,missing_dir
iz105,ivol947,missing_dir
iz105,ivol948,missing_dir
iz105,ivol949,missing_dir
iz105,ivol950,missing_dir
iz105,ivol951,missing_dir
iz105,ivol952,missing_dir
iz105,ivol953,missing_dir
iz105,ivol954,missing_dir
iz105,ivol955,missing_dir
iz105,ivol956,missing_dir
iz105,ivol957,missing_dir
iz105,ivol958,missing_dir
iz105,ivol959,missing_dir
iz105,ivol960,missing_dir
iz105,ivol961,missing_dir
iz105,ivol962,missing_dir
iz105,ivol963,missing_dir
iz105,ivol964,missing_dir
iz105,ivol965,missing_dir
iz105,ivol966,missing_dir
iz105,ivol967,missing_dir
iz105,ivol968,missing_dir
iz105,ivol969,missing_dir
iz105,ivol970,missing_dir
iz105,ivol971,missing_dir
iz105,ivol972,missing_dir
iz105,ivol973,missing_dir
iz105,ivol974,missing_dir
iz105,ivol975,missing_dir
iz105,ivol976,missing_dir
iz105,ivol977,missing_dir
iz105,ivol978,missing_dir
iz105,ivol979,missing_dir
iz105,ivol980,missing_dir
iz105,ivol981,missing_dir
iz105,ivol982,missing_dir
iz105,ivol983,missing_dir
iz105,ivol984,missing_dir
iz105,ivol985,missing_dir
iz105,ivol986,missing_dir
iz105,ivol987,missing_dir
iz105,ivol988,missing_dir
iz105,ivol989,missing_dir
iz105,ivol990,missing_dir
iz105,ivol991,missing_dir
iz105,ivol992,missing_dir
iz105,ivol993,missing_dir
iz105,ivol994,missing_dir
iz105,ivol995,missing_dir
iz105,ivol996,missing_dir
iz105,ivol997,missing_dir
iz105,ivol998,missing_dir
iz105,ivol999,missing_dir
iz120,ivol1000,missing_dir
iz120,ivol1001,missing_dir
iz120,ivol1002,missing_dir
iz120,ivol1003,missing_dir
iz120,ivol1004,missing_dir
iz120,ivol1005,missing_dir
iz120,ivol1006,missing_dir
iz120,ivol1007,missing_dir
iz120,ivol1008,missing_dir
iz120,ivol1009,missing_dir
iz120,ivol1010,missing_dir
iz120,ivol1011,missing_dir
iz120,ivol1012,missing_dir
iz120,ivol1013,missing_dir
iz120,ivol1014,missing_dir
iz120,ivol1015,missing_dir
iz120,ivol1016,missing_dir
iz120,ivol1017,missing_dir
iz120,ivol1018,missing_dir
iz120,ivol1019,missing_dir
iz120,ivol1020,missing_dir
iz120,ivol1021,missing_dir
iz120,ivol1022,missing_dir
iz120,ivol1023,missing_dir
iz120,ivol300,missing_galaxies_hdf5
iz120,ivol301,missing_galaxies_hdf5
iz120,ivol302,missing_galaxies_hdf5
iz120,ivol303,missing_galaxies_hdf5
iz120,ivol304,missing_galaxies_hdf5
iz120,ivol305,missing_galaxies_hdf5
iz120,ivol306,missing_galaxies_hdf5
iz120,ivol307,missing_galaxies_hdf5
iz120,ivol308,missing_galaxies_hdf5
iz120,ivol309,missing_galaxies_hdf5
iz120,ivol310,missing_galaxies_hdf5
iz120,ivol311,missing_galaxies_hdf5
iz120,ivol312,missing_galaxies_hdf5
iz120,ivol313,missing_galaxies_hdf5
iz120,ivol314,missing_galaxies_hdf5
iz120,ivol315,missing_galaxies_hdf5
iz120,ivol316,missing_galaxies_hdf5
iz120,ivol317,missing_galaxies_hdf5
iz120,ivol318,missing_galaxies_hdf5
iz120,ivol319,missing_galaxies_hdf5
iz120,ivol320,missing_galaxies_hdf5
iz120,ivol321,missing_galaxies_hdf5
iz120,ivol322,missing_galaxies_hdf5
iz120,ivol323,missing_galaxies_hdf5
iz120,ivol324,missing_galaxies_hdf5
iz120,ivol325,missing_galaxies_hdf5
iz120,ivol326,missing_galaxies_hdf5
iz120,ivol327,missing_galaxies_hdf5
iz120,ivol328,missing_galaxies_hdf5
iz120,ivol329,missing_galaxies_hdf5
iz120,ivol330,missing_galaxies_hdf5
iz120,ivol331,missing_galaxies_hdf5
iz120,ivol332,missing_galaxies_hdf5
iz120,ivol333,missing_galaxies_hdf5
iz120,ivol334,missing_galaxies_hdf5
iz120,ivol335,missing_galaxies_hdf5
iz120,ivol336,missing_galaxies_hdf5
iz120,ivol337,missing_galaxies_hdf5
iz120,ivol338,missing_galaxies_hdf5
iz120,ivol339,missing_galaxies_hdf5
iz120,ivol340,missing_galaxies_hdf5
iz120,ivol341,missing_galaxies_hdf5
iz120,ivol342,missing_galaxies_hdf5
iz120,ivol343,missing_galaxies_hdf5
iz120,ivol344,missing_galaxies_hdf5
iz120,ivol345,missing_galaxies_hdf5
iz120,ivol346,missing_galaxies_hdf5
iz120,ivol347,missing_galaxies_hdf5
iz120,ivol348,missing_galaxies_hdf5
iz120,ivol349,missing_galaxies_hdf5
iz120,ivol350,missing_galaxies_hdf5
iz120,ivol351,missing_galaxies_hdf5
iz120,ivol352,missing_galaxies_hdf5
iz120,ivol353,missing_galaxies_hdf5
iz120,ivol354,missing_galaxies_hdf5
iz120,ivol355,missing_galaxies_hdf5
iz120,ivol356,missing_galaxies_hdf5
iz120,ivol357,missing_galaxies_hdf5
iz120,ivol358,missing_galaxies_hdf5
iz120,ivol359,missing_galaxies_hdf5
iz120,ivol360,missing_galaxies_hdf5
iz120,ivol361,missing_galaxies_hdf5
iz120,ivol362,missing_galaxies_hdf5
iz120,ivol363,missing_galaxies_hdf5
iz120,ivol364,missing_galaxies_hdf5
iz120,ivol365,missing_galaxies_hdf5
iz120,ivol366,missing_galaxies_hdf5
iz120,ivol367,missing_galaxies_hdf5
iz120,ivol368,missing_galaxies_hdf5
iz120,ivol369,missing_galaxies_hdf5
iz120,ivol370,missing_galaxies_hdf5
iz120,ivol371,missing_galaxies_hdf5
iz120,ivol372,missing_galaxies_hdf5
iz120,ivol373,missing_galaxies_hdf5
iz120,ivol374,missing_galaxies_hdf5
iz120,ivol375,missing_galaxies_hdf5
iz120,ivol376,missing_galaxies_hdf5
iz120,ivol377,missing_galaxies_hdf5
iz120,ivol378,missing_galaxies_hdf5
iz120,ivol379,missing_galaxies_hdf5
iz120,ivol380,missing_galaxies_hdf5
iz120,ivol381,missing_galaxies_hdf5
iz120,ivol382,missing_galaxies_hdf5
iz120,ivol383,missing_galaxies_hdf5
iz120,ivol384,missing_galaxies_hdf5
iz120,ivol385,missing_galaxies_hdf5
iz120,ivol386,missing_galaxies_hdf5
iz120,ivol387,missing_galaxies_hdf5
iz120,ivol388,missing_galaxies_hdf5
iz120,ivol389,missing_galaxies_hdf5
iz120,ivol390,missing_galaxies_hdf5
iz120,ivol391,missing_galaxies_hdf5
iz120,ivol392,missing_galaxies_hdf5
iz120,ivol393,missing_galaxies_hdf5
iz120,ivol394,missing_galaxies_hdf5
iz120,ivol395,missing_galaxies_hdf5
iz120,ivol396,missing_galaxies_hdf5
iz120,ivol397,missing_galaxies_hdf5
iz120,ivol398,missing_galaxies_hdf5
iz120,ivol399,missing_galaxies_hdf5
iz120,ivol400,missing_galaxies_hdf5
iz120,ivol401,missing_galaxies_hdf5
iz120,ivol402,missing_galaxies_hdf5
iz120,ivol403,missing_galaxies_hdf5
iz120,ivol404,missing_galaxies_hdf5
iz120,ivol405,missing_galaxies_hdf5
iz120,ivol406,missing_galaxies_hdf5
iz120,ivol407,missing_galaxies_hdf5
iz120,ivol408,missing_galaxies_hdf5
iz120,ivol409,missing_galaxies_hdf5
iz120,ivol410,missing_galaxies_hdf5
iz120,ivol411,missing_galaxies_hdf5
iz120,ivol412,missing_galaxies_hdf5
iz120,ivol413,missing_galaxies_hdf5
iz120,ivol414,missing_galaxies_hdf5
iz120,ivol415,missing_galaxies_hdf5
iz120,ivol416,missing_galaxies_hdf5
iz120,ivol417,missing_galaxies_hdf5
iz120,ivol418,missing_galaxies_hdf5
iz120,ivol419,missing_galaxies_hdf5
iz120,ivol420,missing_galaxies_hdf5
iz120,ivol421,missing_galaxies_hdf5
iz120,ivol422,missing_galaxies_hdf5
iz120,ivol423,missing_galaxies_hdf5
iz120,ivol424,missing_galaxies_hdf5
iz120,ivol425,missing_galaxies_hdf5
iz120,ivol426,missing_galaxies_hdf5
iz120,ivol427,missing_galaxies_hdf5
iz120,ivol428,missing_galaxies_hdf5
iz120,ivol429,missing_galaxies_hdf5
iz120,ivol430,missing_galaxies_hdf5
iz120,ivol431,missing_galaxies_hdf5
iz120,ivol432,missing_galaxies_hdf5
iz120,ivol433,missing_galaxies_hdf5
iz120,ivol434,missing_galaxies_hdf5
iz120,ivol435,missing_galaxies_hdf5
iz120,ivol436,missing_galaxies_hdf5
iz120,ivol437,missing_galaxies_hdf5
iz120,ivol438,missing_galaxies_hdf5
iz120,ivol439,missing_galaxies_hdf5
iz120,ivol440,missing_galaxies_hdf5
iz120,ivol441,missing_galaxies_hdf5
iz120,ivol442,missing_galaxies_hdf5
iz120,ivol443,missing_galaxies_hdf5
iz120,ivol444,missing_galaxies_hdf5
iz120,ivol445,missing_galaxies_hdf5
iz120,ivol446,missing_galaxies_hdf5
iz120,ivol447,missing_galaxies_hdf5
iz120,ivol448,missing_galaxies_hdf5
iz120,ivol449,missing_galaxies_hdf5
iz120,ivol450,missing_galaxies_hdf5
iz120,ivol451,missing_galaxies_hdf5
iz120,ivol452,missing_galaxies_hdf5
iz120,ivol453,missing_galaxies_hdf5
iz120,ivol454,missing_galaxies_hdf5
iz120,ivol455,missing_galaxies_hdf5
iz120,ivol456,missing_galaxies_hdf5
iz120,ivol457,missing_galaxies_hdf5
iz120,ivol458,missing_galaxies_hdf5
iz120,ivol459,missing_galaxies_hdf5
iz120,ivol460,missing_galaxies_hdf5
iz120,ivol461,missing_galaxies_hdf5
iz120,ivol462,missing_galaxies_hdf5
iz120,ivol463,missing_galaxies_hdf5
iz120,ivol464,missing_galaxies_hdf5
iz120,ivol465,missing_galaxies_hdf5
iz120,ivol466,missing_galaxies_hdf5
iz120,ivol467,missing_galaxies_hdf5
iz120,ivol468,missing_galaxies_hdf5
iz120,ivol469,missing_galaxies_hdf5
iz120,ivol470,missing_galaxies_hdf5
iz120,ivol471,missing_galaxies_hdf5
iz120,ivol472,missing_galaxies_hdf5
iz120,ivol473,missing_galaxies_hdf5
iz120,ivol474,missing_galaxies_hdf5
iz120,ivol475,missing_galaxies_hdf5
iz120,ivol476,missing_galaxies_hdf5
iz120,ivol477,missing_galaxies_hdf5
iz120,ivol478,missing_galaxies_hdf5
iz120,ivol479,missing_galaxies_hdf5
iz120,ivol480,missing_galaxies_hdf5
iz120,ivol481,missing_galaxies_hdf5
iz120,ivol482,missing_galaxies_hdf5
iz120,ivol483,missing_galaxies_hdf5
iz120,ivol484,missing_galaxies_hdf5
iz120,ivol485,missing_galaxies_hdf5
iz120,ivol486,missing_galaxies_hdf5
iz120,ivol487,missing_galaxies_hdf5
iz120,ivol488,missing_galaxies_hdf5
iz120,ivol489,missing_galaxies_hdf5
iz120,ivol490,missing_galaxies_hdf5
iz120,ivol491,missing_galaxies_hdf5
iz120,ivol492,missing_galaxies_hdf5
iz120,ivol493,missing_galaxies_hdf5
iz120,ivol494,missing_galaxies_hdf5
iz120,ivol495,missing_galaxies_hdf5
iz120,ivol496,missing_galaxies_hdf5
iz120,ivol497,missing_galaxies_hdf5
iz120,ivol498,missing_galaxies_hdf5
iz120,ivol499,missing_galaxies_hdf5
iz120,ivol500,missing_galaxies_hdf5
iz120,ivol501,missing_galaxies_hdf5
iz120,ivol502,missing_galaxies_hdf5
iz120,ivol503,missing_galaxies_hdf5
iz120,ivol504,missing_galaxies_hdf5
iz120,ivol505,missing_galaxies_hdf5
iz120,ivol506,missing_galaxies_hdf5
iz120,ivol507,missing_galaxies_hdf5
iz120,ivol508,missing_galaxies_hdf5
iz120,ivol509,missing_galaxies_hdf5
iz120,ivol510,missing_galaxies_hdf5
iz120,ivol511,missing_galaxies_hdf5
iz120,ivol512,missing_galaxies_hdf5
iz120,ivol513,missing_galaxies_hdf5
iz120,ivol514,missing_galaxies_hdf5
iz120,ivol515,missing_galaxies_hdf5
iz120,ivol516,missing_galaxies_hdf5
iz120,ivol517,missing_galaxies_hdf5
iz120,ivol518,missing_galaxies_hdf5
iz120,ivol519,missing_galaxies_hdf5
iz120,ivol520,missing_galaxies_hdf5
iz120,ivol521,missing_galaxies_hdf5
iz120,ivol522,missing_galaxies_hdf5
iz120,ivol523,missing_galaxies_hdf5
iz120,ivol524,missing_galaxies_hdf5
iz120,ivol525,missing_galaxies_hdf5
iz120,ivol526,missing_galaxies_hdf5
iz120,ivol527,missing_galaxies_hdf5
iz120,ivol528,missing_galaxies_hdf5
iz120,ivol529,missing_galaxies_hdf5
iz120,ivol530,missing_galaxies_hdf5
iz120,ivol531,missing_galaxies_hdf5
iz120,ivol532,missing_galaxies_hdf5
iz120,ivol533,missing_galaxies_hdf5
iz120,ivol534,missing_galaxies_hdf5
iz120,ivol535,missing_galaxies_hdf5
iz120,ivol536,missing_galaxies_hdf5
iz120,ivol537,missing_galaxies_hdf5
iz120,ivol538,missing_galaxies_hdf5
iz120,ivol539,missing_galaxies_hdf5
iz120,ivol540,missing_galaxies_hdf5
iz120,ivol541,missing_galaxies_hdf5
iz120,ivol542,missing_galaxies_hdf5
iz120,ivol543,missing_galaxies_hdf5
iz120,ivol544,missing_galaxies_hdf5
iz120,ivol545,missing_galaxies_hdf5
iz120,ivol546,missing_galaxies_hdf5
iz120,ivol547,missing_galaxies_hdf5
iz120,ivol548,missing_galaxies_hdf5
iz120,ivol549,missing_galaxies_hdf5
iz120,ivol550,missing_galaxies_hdf5
iz120,ivol551,missing_galaxies_hdf5
iz120,ivol552,missing_galaxies_hdf5
iz120,ivol553,missing_galaxies_hdf5
iz120,ivol554,missing_galaxies_hdf5
iz120,ivol555,missing_galaxies_hdf5
iz120,ivol556,missing_galaxies_hdf5
iz120,ivol557,missing_galaxies_hdf5
iz120,ivol558,missing_galaxies_hdf5
iz120,ivol559,missing_galaxies_hdf5
iz120,ivol560,missing_galaxies_hdf5
iz120,ivol561,missing_galaxies_hdf5
iz120,ivol562,missing_galaxies_hdf5
iz120,ivol563,missing_galaxies_hdf5
iz120,ivol564,missing_galaxies_hdf5
iz120,ivol565,missing_galaxies_hdf5
iz120,ivol566,missing_galaxies_hdf5
iz120,ivol567,missing_galaxies_hdf5
iz120,ivol568,missing_galaxies_hdf5
iz120,ivol569,missing_galaxies_hdf5
iz120,ivol570,missing_galaxies_hdf5
iz120,ivol571,missing_galaxies_hdf5
iz120,ivol572,missing_galaxies_hdf5
iz120,ivol573,missing_galaxies_hdf5
iz120,ivol574,missing_galaxies_hdf5
iz120,ivol575,missing_galaxies_hdf5
iz120,ivol576,missing_galaxies_hdf5
iz120,ivol577,missing_galaxies_hdf5
iz120,ivol578,missing_galaxies_hdf5
iz120,ivol579,missing_galaxies_hdf5
iz120,ivol580,missing_galaxies_hdf5
iz120,ivol581,missing_galaxies_hdf5
iz120,ivol582,missing_galaxies_hdf5
iz120,ivol583,missing_galaxies_hdf5
iz120,ivol584,missing_galaxies_hdf5
iz120,ivol585,missing_galaxies_hdf5
iz120,ivol586,missing_galaxies_hdf5
iz120,ivol587,missing_galaxies_hdf5
iz120,ivol588,missing_galaxies_hdf5
iz120,ivol589,missing_galaxies_hdf5
iz120,ivol590,missing_galaxies_hdf5
iz120,ivol591,missing_galaxies_hdf5
iz120,ivol592,missing_galaxies_hdf5
iz120,ivol593,missing_galaxies_hdf5
iz120,ivol594,missing_galaxies_hdf5
iz120,ivol595,missing_galaxies_hdf5
iz120,ivol596,missing_galaxies_hdf5
iz120,ivol597,missing_galaxies_hdf5
iz120,ivol598,missing_galaxies_hdf5
iz120,ivol599,missing_galaxies_hdf5
iz120,ivol600,missing_galaxies_hdf5
iz120,ivol601,missing_galaxies_hdf5
iz120,ivol602,missing_galaxies_hdf5
iz120,ivol603,missing_galaxies_hdf5
iz120,ivol604,missing_galaxies_hdf5
iz120,ivol605,missing_galaxies_hdf5
iz120,ivol606,missing_galaxies_hdf5
iz120,ivol607,missing_galaxies_hdf5
iz120,ivol608,missing_galaxies_hdf5
iz120,ivol609,missing_galaxies_hdf5
iz120,ivol610,missing_galaxies_hdf5
iz120,ivol611,missing_galaxies_hdf5
iz120,ivol612,missing_galaxies_hdf5
iz120,ivol613,missing_galaxies_hdf5
iz120,ivol614,missing_galaxies_hdf5
iz120,ivol615,missing_galaxies_hdf5
iz120,ivol616,missing_galaxies_hdf5
iz120,ivol617,missing_galaxies_hdf5
iz120,ivol618,missing_galaxies_hdf5
iz120,ivol619,missing_galaxies_hdf5
iz120,ivol620,missing_galaxies_hdf5
iz120,ivol621,missing_galaxies_hdf5
iz120,ivol622,missing_galaxies_hdf5
iz120,ivol623,missing_galaxies_hdf5
iz120,ivol624,missing_galaxies_hdf5
iz120,ivol625,missing_galaxies_hdf5
iz120,ivol626,missing_galaxies_hdf5
iz120,ivol627,missing_galaxies_hdf5
iz120,ivol628,missing_galaxies_hdf5
iz120,ivol629,missing_galaxies_hdf5
iz120,ivol630,missing_galaxies_hdf5
iz120,ivol631,missing_galaxies_hdf5
iz120,ivol632,missing_galaxies_hdf5
iz120,ivol633,missing_galaxies_hdf5
iz120,ivol634,missing_galaxies_hdf5
iz120,ivol635,missing_galaxies_hdf5
iz120,ivol636,missing_galaxies_hdf5
iz120,ivol637,missing_galaxies_hdf5
iz120,ivol638,missing_galaxies_hdf5
iz120,ivol639,missing_galaxies_hdf5
iz120,ivol640,missing_galaxies_hdf5
iz120,ivol641,missing_galaxies_hdf5
iz120,ivol642,missing_galaxies_hdf5
iz120,ivol643,missing_galaxies_hdf5
iz120,ivol644,missing_galaxies_hdf5
iz120,ivol645,missing_galaxies_hdf5
iz120,ivol646,missing_galaxies_hdf5
iz120,ivol647,missing_galaxies_hdf5
iz120,ivol648,missing_galaxies_hdf5
iz120,ivol649,missing_galaxies_hdf5
iz120,ivol650,missing_galaxies_hdf5
iz120,ivol651,missing_galaxies_hdf5
iz120,ivol652,missing_galaxies_hdf5
iz120,ivol653,missing_galaxies_hdf5
iz120,ivol654,missing_galaxies_hdf5
iz120,ivol655,missing_galaxies_hdf5
iz120,ivol656,missing_galaxies_hdf5
iz120,ivol657,missing_galaxies_hdf5
iz120,ivol658,missing_galaxies_hdf5
iz120,ivol659,missing_galaxies_hdf5
iz120,ivol660,missing_galaxies_hdf5
iz120,ivol661,missing_galaxies_hdf5
iz120,ivol662,missing_galaxies_hdf5
iz120,ivol663,missing_galaxies_hdf5
iz120,ivol664,missing_galaxies_hdf5
iz120,ivol665,missing_galaxies_hdf5
iz120,ivol666,missing_galaxies_hdf5
iz120,ivol667,missing_galaxies_hdf5
iz120,ivol668,missing_galaxies_hdf5
iz120,ivol669,missing_galaxies_hdf5
iz120,ivol670,missing_galaxies_hdf5
iz120,ivol671,missing_galaxies_hdf5
iz120,ivol672,missing_galaxies_hdf5
iz120,ivol673,missing_galaxies_hdf5
iz120,ivol674,missing_galaxies_hdf5
iz120,ivol675,missing_galaxies_hdf5
iz120,ivol676,missing_galaxies_hdf5
iz120,ivol677,missing_galaxies_hdf5
iz120,ivol678,missing_galaxies_hdf5
iz120,ivol679,missing_galaxies_hdf5
iz120,ivol680,missing_galaxies_hdf5
iz120,ivol681,missing_galaxies_hdf5
iz120,ivol682,missing_galaxies_hdf5
iz120,ivol683,missing_galaxies_hdf5
iz120,ivol684,missing_galaxies_hdf5
iz120,ivol685,missing_galaxies_hdf5
iz120,ivol686,missing_galaxies_hdf5
iz120,ivol687,missing_galaxies_hdf5
iz120,ivol688,missing_galaxies_hdf5
iz120,ivol689,missing_galaxies_hdf5
iz120,ivol690,missing_galaxies_hdf5
iz120,ivol691,missing_galaxies_hdf5
iz120,ivol692,missing_galaxies_hdf5
iz120,ivol693,missing_galaxies_hdf5
iz120,ivol694,missing_galaxies_hdf5
iz120,ivol695,missing_galaxies_hdf5
iz120,ivol696,missing_galaxies_hdf5
iz120,ivol697,missing_galaxies_hdf5
iz120,ivol698,missing_galaxies_hdf5
iz120,ivol699,missing_galaxies_hdf5
iz120,ivol900,missing_dir
iz120,ivol901,missing_dir
iz120,ivol902,missing_dir
iz120,ivol903,missing_dir
iz120,ivol904,missing_dir
iz120,ivol905,missing_dir
iz120,ivol906,missing_dir
iz120,ivol907,missing_dir
iz120,ivol908,missing_dir
iz120,ivol909,missing_dir
iz120,ivol910,missing_dir
iz120,ivol911,missing_dir
iz120,ivol912,missing_dir
iz120,ivol913,missing_dir
iz120,ivol914,missing_dir
iz120,ivol915,missing_dir
iz120,ivol916,missing_dir
iz120,ivol917,missing_dir
iz120,ivol918,missing_dir
iz120,ivol919,missing_dir
iz120,ivol920,missing_dir
iz120,ivol921,missing_dir
iz120,ivol922,missing_dir
iz120,ivol923,missing_dir
iz120,ivol924,missing_dir
iz120,ivol925,missing_dir
iz120,ivol926,missing_dir
iz120,ivol927,missing_dir
iz120,ivol928,missing_dir
iz120,ivol929,missing_dir
iz120,ivol930,missing_dir
iz120,ivol931,missing_dir
iz120,ivol932,missing_dir
iz120,ivol933,missing_dir
iz120,ivol934,missing_dir
iz120,ivol935,missing_dir
iz120,ivol936,missing_dir
iz120,ivol937,missing_dir
iz120,ivol938,missing_dir
iz120,ivol939,missing_dir
iz120,ivol940,missing_dir
iz120,ivol941,missing_dir
iz120,ivol942,missing_dir
iz120,ivol943,missing_dir
iz120,ivol944,missing_dir
iz120,ivol945,missing_dir
iz120,ivol946,missing_dir
iz120,ivol947,missing_dir
iz120,ivol948,missing_dir
iz120,ivol949,missing_dir
iz120,ivol950,missing_dir
iz120,ivol951,missing_dir
iz120,ivol952,missing_dir
iz120,ivol953,missing_dir
iz120,ivol954,missing_dir
iz120,ivol955,missing_dir
iz120,ivol956,missing_dir
iz120,ivol957,missing_dir
iz120,ivol958,missing_dir
iz120,ivol959,missing_dir
iz120,ivol960,missing_dir
iz120,ivol961,missing_dir
iz120,ivol962,missing_dir
iz120,ivol963,missing_dir
iz120,ivol964,missing_dir
iz120,ivol965,missing_dir
iz120,ivol966,missing_dir
iz120,ivol967,missing_dir
iz120,ivol968,missing_dir
iz120,ivol969,missing_dir
iz120,ivol970,missing_dir
iz120,ivol971,missing_dir
iz120,ivol972,missing_dir
iz120,ivol973,missing_dir
iz120,ivol974,missing_dir
iz120,ivol975,missing_dir
iz120,ivol976,missing_dir
iz120,ivol977,missing_dir
iz120,ivol978,missing_dir
iz120,ivol979,missing_dir
iz120,ivol980,missing_dir
iz120,ivol981,missing_dir
iz120,ivol982,missing_dir
iz120,ivol983,missing_dir
iz120,ivol984,missing_dir
iz120,ivol985,missing_dir
iz120,ivol986,missing_dir
iz120,ivol987,missing_dir
iz120,ivol988,missing_dir
iz120,ivol989,missing_dir
iz120,ivol990,missing_dir
iz120,ivol991,missing_dir
iz120,ivol992,missing_dir
iz120,ivol993,missing_dir
iz120,ivol994,missing_dir
iz120,ivol995,missing_dir
iz120,ivol996,missing_dir
iz120,ivol997,missing_dir
iz120,ivol998,missing_dir
iz120,ivol999,missing_dir
iz142,ivol1000,missing_dir
iz142,ivol1001,missing_dir
iz142,ivol1002,missing_dir
iz142,ivol1003,missing_dir
iz142,ivol1004,missing_dir
iz142,ivol1005,missing_dir
iz142,ivol1006,missing_dir
iz142,ivol1007,missing_dir
iz142,ivol1008,missing_dir
iz142,ivol1009,missing_dir
iz142,ivol1010,missing_dir
iz142,ivol1011,missing_dir
iz142,ivol1012,missing_dir
iz142,ivol1013,missing_dir
iz142,ivol1014,missing_dir
iz142,ivol1015,missing_dir
iz142,ivol1016,missing_dir
iz142,ivol1017,missing_dir
iz142,ivol1018,missing_dir
iz142,ivol1019,missing_dir
iz142,ivol1020,missing_dir
iz142,ivol1021,missing_dir
iz142,ivol1022,missing_dir
iz142,ivol1023,missing_dir
iz142,ivol366,missing_galaxies_hdf5
iz142,ivol367,missing_galaxies_hdf5
iz142,ivol368,missing_galaxies_hdf5
iz142,ivol369,missing_galaxies_hdf5
iz142,ivol370,missing_galaxies_hdf5
iz142,ivol371,missing_galaxies_hdf5
iz142,ivol372,missing_galaxies_hdf5
iz142,ivol373,missing_galaxies_hdf5
iz142,ivol374,missing_galaxies_hdf5
iz142,ivol375,missing_galaxies_hdf5
iz142,ivol376,missing_galaxies_hdf5
iz142,ivol377,missing_galaxies_hdf5
iz142,ivol378,missing_galaxies_hdf5
iz142,ivol379,missing_galaxies_hdf5
iz142,ivol380,missing_galaxies_hdf5
iz142,ivol381,missing_galaxies_hdf5
iz142,ivol382,missing_galaxies_hdf5
iz142,ivol383,missing_galaxies_hdf5
iz142,ivol384,missing_galaxies_hdf5
iz142,ivol385,missing_galaxies_hdf5
iz142,ivol386,missing_galaxies_hdf5
iz142,ivol387,missing_galaxies_hdf5
iz142,ivol388,missing_galaxies_hdf5
iz142,ivol389,missing_galaxies_hdf5
iz142,ivol390,missing_galaxies_hdf5
iz142,ivol391,missing_galaxies_hdf5
iz142,ivol392,missing_galaxies_hdf5
iz142,ivol393,missing_galaxies_hdf5
iz142,ivol394,missing_galaxies_hdf5
iz142,ivol395,missing_galaxies_hdf5
iz142,ivol396,missing_galaxies_hdf5
iz142,ivol397,missing_galaxies_hdf5
iz142,ivol398,missing_galaxies_hdf5
iz142,ivol399,missing_galaxies_hdf5
iz142,ivol400,missing_galaxies_hdf5
iz142,ivol401,missing_galaxies_hdf5
iz142,ivol402,missing_galaxies_hdf5
iz142,ivol403,missing_galaxies_hdf5
iz142,ivol404,missing_galaxies_hdf5
iz142,ivol405,missing_galaxies_hdf5
iz142,ivol406,missing_galaxies_hdf5
iz142,ivol407,missing_galaxies_hdf5
iz142,ivol408,missing_galaxies_hdf5
iz142,ivol409,missing_galaxies_hdf5
iz142,ivol410,missing_galaxies_hdf5
iz142,ivol411,missing_galaxies_hdf5
iz142,ivol412,missing_galaxies_hdf5
iz142,ivol413,missing_galaxies_hdf5
iz142,ivol414,missing_galaxies_hdf5
iz142,ivol415,missing_galaxies_hdf5
iz142,ivol416,missing_galaxies_hdf5
iz142,ivol417,missing_galaxies_hdf5
iz142,ivol418,missing_galaxies_hdf5
iz142,ivol419,missing_galaxies_hdf5
iz142,ivol420,missing_galaxies_hdf5
iz142,ivol421,missing_galaxies_hdf5
iz142,ivol422,missing_galaxies_hdf5
iz142,ivol423,missing_galaxies_hdf5
iz142,ivol424,missing_galaxies_hdf5
iz142,ivol425,missing_galaxies_hdf5
iz142,ivol426,missing_galaxies_hdf5
iz142,ivol427,missing_galaxies_hdf5
iz142,ivol428,missing_galaxies_hdf5
iz142,ivol429,missing_galaxies_hdf5
iz142,ivol430,missing_galaxies_hdf5
iz142,ivol431,missing_galaxies_hdf5
iz142,ivol432,missing_galaxies_hdf5
iz142,ivol433,missing_galaxies_hdf5
iz142,ivol434,missing_galaxies_hdf5
iz142,ivol435,missing_galaxies_hdf5
iz142,ivol436,missing_galaxies_hdf5
iz142,ivol437,missing_galaxies_hdf5
iz142,ivol438,missing_galaxies_hdf5
iz142,ivol439,missing_galaxies_hdf5
iz142,ivol440,missing_galaxies_hdf5
iz142,ivol441,missing_galaxies_hdf5
iz142,ivol442,missing_galaxies_hdf5
iz142,ivol443,missing_galaxies_hdf5
iz142,ivol444,missing_galaxies_hdf5
iz142,ivol445,missing_galaxies_hdf5
iz142,ivol446,missing_galaxies_hdf5
iz142,ivol447,missing_galaxies_hdf5
iz142,ivol448,missing_galaxies_hdf5
iz142,ivol449,missing_galaxies_hdf5
iz142,ivol450,missing_galaxies_hdf5
iz142,ivol451,missing_galaxies_hdf5
iz142,ivol452,missing_galaxies_hdf5
iz142,ivol453,missing_galaxies_hdf5
iz142,ivol454,missing_galaxies_hdf5
iz142,ivol455,missing_galaxies_hdf5
iz142,ivol456,missing_galaxies_hdf5
iz142,ivol457,missing_galaxies_hdf5
iz142,ivol458,missing_galaxies_hdf5
iz142,ivol459,missing_galaxies_hdf5
iz142,ivol460,missing_galaxies_hdf5
iz142,ivol461,missing_galaxies_hdf5
iz142,ivol462,missing_galaxies_hdf5
iz142,ivol463,missing_galaxies_hdf5
iz142,ivol464,missing_galaxies_hdf5
iz142,ivol465,missing_galaxies_hdf5
iz142,ivol466,missing_galaxies_hdf5
iz142,ivol467,missing_galaxies_hdf5
iz142,ivol468,missing_galaxies_hdf5
iz142,ivol469,missing_galaxies_hdf5
iz142,ivol470,missing_galaxies_hdf5
iz142,ivol471,missing_galaxies_hdf5
iz142,ivol472,missing_galaxies_hdf5
iz142,ivol473,missing_galaxies_hdf5
iz142,ivol474,missing_galaxies_hdf5
iz142,ivol475,missing_galaxies_hdf5
iz142,ivol476,missing_galaxies_hdf5
iz142,ivol477,missing_galaxies_hdf5
iz142,ivol478,missing_galaxies_hdf5
iz142,ivol479,missing_galaxies_hdf5
iz142,ivol480,missing_galaxies_hdf5
iz142,ivol481,missing_galaxies_hdf5
iz142,ivol482,missing_galaxies_hdf5
iz142,ivol483,missing_galaxies_hdf5
iz142,ivol484,missing_galaxies_hdf5
iz142,ivol485,missing_galaxies_hdf5
iz142,ivol486,missing_galaxies_hdf5
iz142,ivol487,missing_galaxies_hdf5
iz142,ivol488,missing_galaxies_hdf5
iz142,ivol489,missing_galaxies_hdf5
iz142,ivol490,missing_galaxies_hdf5
iz142,ivol491,missing_galaxies_hdf5
iz142,ivol492,missing_galaxies_hdf5
iz142,ivol493,missing_galaxies_hdf5
iz142,ivol494,missing_galaxies_hdf5
iz142,ivol495,missing_galaxies_hdf5
iz142,ivol496,missing_galaxies_hdf5
iz142,ivol497,missing_galaxies_hdf5
iz142,ivol498,missing_galaxies_hdf5
iz142,ivol499,missing_galaxies_hdf5
iz142,ivol500,missing_galaxies_hdf5
iz142,ivol501,missing_galaxies_hdf5
iz142,ivol502,missing_galaxies_hdf5
iz142,ivol503,missing_galaxies_hdf5
iz142,ivol504,missing_galaxies_hdf5
iz142,ivol505,missing_galaxies_hdf5
iz142,ivol506,missing_galaxies_hdf5
iz142,ivol507,missing_galaxies_hdf5
iz142,ivol508,missing_galaxies_hdf5
iz142,ivol509,missing_galaxies_hdf5
iz142,ivol510,missing_galaxies_hdf5
iz142,ivol511,missing_galaxies_hdf5
iz142,ivol512,missing_galaxies_hdf5
iz142,ivol513,missing_galaxies_hdf5
iz142,ivol514,missing_galaxies_hdf5
iz142,ivol515,missing_galaxies_hdf5
iz142,ivol516,missing_galaxies_hdf5
iz142,ivol517,missing_galaxies_hdf5
iz142,ivol518,missing_galaxies_hdf5
iz142,ivol519,missing_galaxies_hdf5
iz142,ivol520,missing_galaxies_hdf5
iz142,ivol521,missing_galaxies_hdf5
iz142,ivol522,missing_galaxies_hdf5
iz142,ivol523,missing_galaxies_hdf5
iz142,ivol524,missing_galaxies_hdf5
iz142,ivol525,missing_galaxies_hdf5
iz142,ivol526,missing_galaxies_hdf5
iz142,ivol527,missing_galaxies_hdf5
iz142,ivol528,missing_galaxies_hdf5
iz142,ivol529,missing_galaxies_hdf5
iz142,ivol530,missing_galaxies_hdf5
iz142,ivol531,missing_galaxies_hdf5
iz142,ivol532,missing_galaxies_hdf5
iz142,ivol533,missing_galaxies_hdf5
iz142,ivol534,missing_galaxies_hdf5
iz142,ivol535,missing_galaxies_hdf5
iz142,ivol536,missing_galaxies_hdf5
iz142,ivol537,missing_galaxies_hdf5
iz142,ivol538,missing_galaxies_hdf5
iz142,ivol539,missing_galaxies_hdf5
iz142,ivol540,missing_galaxies_hdf5
iz142,ivol541,missing_galaxies_hdf5
iz142,ivol542,missing_galaxies_hdf5
iz142,ivol543,missing_galaxies_hdf5
iz142,ivol544,missing_galaxies_hdf5
iz142,ivol545,missing_galaxies_hdf5
iz142,ivol546,missing_galaxies_hdf5
iz142,ivol547,missing_galaxies_hdf5
iz142,ivol548,missing_galaxies_hdf5
iz142,ivol549,missing_galaxies_hdf5
iz142,ivol550,missing_galaxies_hdf5
iz142,ivol551,missing_galaxies_hdf5
iz142,ivol552,missing_galaxies_hdf5
iz142,ivol553,missing_galaxies_hdf5
iz142,ivol554,missing_galaxies_hdf5
iz142,ivol555,missing_galaxies_hdf5
iz142,ivol556,missing_galaxies_hdf5
iz142,ivol557,missing_galaxies_hdf5
iz142,ivol558,missing_galaxies_hdf5
iz142,ivol559,missing_galaxies_hdf5
iz142,ivol560,missing_galaxies_hdf5
iz142,ivol561,missing_galaxies_hdf5
iz142,ivol562,missing_galaxies_hdf5
iz142,ivol563,missing_galaxies_hdf5
iz142,ivol564,missing_galaxies_hdf5
iz142,ivol565,missing_galaxies_hdf5
iz142,ivol566,missing_galaxies_hdf5
iz142,ivol567,missing_galaxies_hdf5
iz142,ivol568,missing_galaxies_hdf5
iz142,ivol569,missing_galaxies_hdf5
iz142,ivol570,missing_galaxies_hdf5
iz142,ivol571,missing_galaxies_hdf5
iz142,ivol572,missing_galaxies_hdf5
iz142,ivol573,missing_galaxies_hdf5
iz142,ivol574,missing_galaxies_hdf5
iz142,ivol575,missing_galaxies_hdf5
iz142,ivol576,missing_galaxies_hdf5
iz142,ivol577,missing_galaxies_hdf5
iz142,ivol578,missing_galaxies_hdf5
iz142,ivol579,missing_galaxies_hdf5
iz142,ivol580,missing_galaxies_hdf5
iz142,ivol581,missing_galaxies_hdf5
iz142,ivol582,missing_galaxies_hdf5
iz142,ivol583,missing_galaxies_hdf5
iz142,ivol584,missing_galaxies_hdf5
iz142,ivol585,missing_galaxies_hdf5
iz142,ivol586,missing_galaxies_hdf5
iz142,ivol587,missing_galaxies_hdf5
iz142,ivol588,missing_galaxies_hdf5
iz142,ivol589,missing_galaxies_hdf5
iz142,ivol590,missing_galaxies_hdf5
iz142,ivol591,missing_galaxies_hdf5
iz142,ivol592,missing_galaxies_hdf5
iz142,ivol593,missing_galaxies_hdf5
iz142,ivol594,missing_galaxies_hdf5
iz142,ivol595,missing_galaxies_hdf5
iz142,ivol596,missing_galaxies_hdf5
iz142,ivol597,missing_galaxies_hdf5
iz142,ivol598,missing_galaxies_hdf5
iz142,ivol599,missing_galaxies_hdf5
iz142,ivol600,missing_galaxies_hdf5
iz142,ivol601,missing_galaxies_hdf5
iz142,ivol602,missing_galaxies_hdf5
iz142,ivol603,missing_galaxies_hdf5
iz142,ivol604,missing_galaxies_hdf5
iz142,ivol605,missing_galaxies_hdf5
iz142,ivol606,missing_galaxies_hdf5
iz142,ivol607,missing_galaxies_hdf5
iz142,ivol608,missing_galaxies_hdf5
iz142,ivol609,missing_galaxies_hdf5
iz142,ivol610,missing_galaxies_hdf5
iz142,ivol611,missing_galaxies_hdf5
iz142,ivol612,missing_galaxies_hdf5
iz142,ivol613,missing_galaxies_hdf5
iz142,ivol614,missing_galaxies_hdf5
iz142,ivol615,missing_galaxies_hdf5
iz142,ivol616,missing_galaxies_hdf5
iz142,ivol617,missing_galaxies_hdf5
iz142,ivol618,missing_galaxies_hdf5
iz142,ivol619,missing_galaxies_hdf5
iz142,ivol620,missing_galaxies_hdf5
iz142,ivol621,missing_galaxies_hdf5
iz142,ivol622,missing_galaxies_hdf5
iz142,ivol623,missing_galaxies_hdf5
iz142,ivol624,missing_galaxies_hdf5
iz142,ivol625,missing_galaxies_hdf5
iz142,ivol626,missing_galaxies_hdf5
iz142,ivol627,missing_galaxies_hdf5
iz142,ivol628,missing_galaxies_hdf5
iz142,ivol629,missing_galaxies_hdf5
iz142,ivol630,missing_galaxies_hdf5
iz142,ivol631,missing_galaxies_hdf5
iz142,ivol632,missing_galaxies_hdf5
iz142,ivol633,missing_galaxies_hdf5
iz142,ivol634,missing_galaxies_hdf5
iz142,ivol635,missing_galaxies_hdf5
iz142,ivol636,missing_galaxies_hdf5
iz142,ivol637,missing_galaxies_hdf5
iz142,ivol638,missing_galaxies_hdf5
iz142,ivol639,missing_galaxies_hdf5
iz142,ivol640,missing_galaxies_hdf5
iz142,ivol641,missing_galaxies_hdf5
iz142,ivol642,missing_galaxies_hdf5
iz142,ivol643,missing_galaxies_hdf5
iz142,ivol644,missing_galaxies_hdf5
iz142,ivol645,missing_galaxies_hdf5
iz142,ivol646,missing_galaxies_hdf5
iz142,ivol647,missing_galaxies_hdf5
iz142,ivol648,missing_galaxies_hdf5
iz142,ivol649,missing_galaxies_hdf5
iz142,ivol650,missing_galaxies_hdf5
iz142,ivol651,missing_galaxies_hdf5
iz142,ivol652,missing_galaxies_hdf5
iz142,ivol653,missing_galaxies_hdf5
iz142,ivol654,missing_galaxies_hdf5
iz142,ivol655,missing_galaxies_hdf5
iz142,ivol656,missing_galaxies_hdf5
iz142,ivol657,missing_galaxies_hdf5
iz142,ivol658,missing_galaxies_hdf5
iz142,ivol659,missing_galaxies_hdf5
iz142,ivol660,missing_galaxies_hdf5
iz142,ivol661,missing_galaxies_hdf5
iz142,ivol662,missing_galaxies_hdf5
iz142,ivol663,missing_galaxies_hdf5
iz142,ivol664,missing_galaxies_hdf5
iz142,ivol665,missing_galaxies_hdf5
iz142,ivol666,missing_galaxies_hdf5
iz142,ivol667,missing_galaxies_hdf5
iz142,ivol668,missing_galaxies_hdf5
iz142,ivol669,missing_galaxies_hdf5
iz142,ivol670,missing_galaxies_hdf5
iz142,ivol671,missing_galaxies_hdf5
iz142,ivol672,missing_galaxies_hdf5
iz142,ivol673,missing_galaxies_hdf5
iz142,ivol674,missing_galaxies_hdf5
iz142,ivol675,missing_galaxies_hdf5
iz142,ivol676,missing_galaxies_hdf5
iz142,ivol677,missing_galaxies_hdf5
iz142,ivol678,missing_galaxies_hdf5
iz142,ivol679,missing_galaxies_hdf5
iz142,ivol680,missing_galaxies_hdf5
iz142,ivol681,missing_galaxies_hdf5
iz142,ivol682,missing_galaxies_hdf5
iz142,ivol683,missing_galaxies_hdf5
iz142,ivol684,missing_galaxies_hdf5
iz142,ivol685,missing_galaxies_hdf5
iz142,ivol686,missing_galaxies_hdf5
iz142,ivol687,missing_galaxies_hdf5
iz142,ivol688,missing_galaxies_hdf5
iz142,ivol689,missing_galaxies_hdf5
iz142,ivol690,missing_galaxies_hdf5
iz142,ivol691,missing_galaxies_hdf5
iz142,ivol692,missing_galaxies_hdf5
iz142,ivol693,missing_galaxies_hdf5
iz142,ivol694,missing_galaxies_hdf5
iz142,ivol695,missing_galaxies_hdf5
iz142,ivol696,missing_galaxies_hdf5
iz142,ivol697,missing_galaxies_hdf5
iz142,ivol698,missing_galaxies_hdf5
iz142,ivol699,missing_galaxies_hdf5
iz142,ivol900,missing_dir
iz142,ivol901,missing_dir
iz142,ivol902,missing_dir
iz142,ivol903,missing_dir
iz142,ivol904,missing_dir
iz142,ivol905,missing_dir
iz142,ivol906,missing_dir
iz142,ivol907,missing_dir
iz142,ivol908,missing_dir
iz142,ivol909,missing_dir
iz142,ivol910,missing_dir
iz142,ivol911,missing_dir
iz142,ivol912,missing_dir
iz142,ivol913,missing_dir
iz142,ivol914,missing_dir
iz142,ivol915,missing_dir
iz142,ivol916,missing_dir
iz142,ivol917,missing_dir
iz142,ivol918,missing_dir
iz142,ivol919,missing_dir
iz142,ivol920,missing_dir
iz142,ivol921,missing_dir
iz142,ivol922,missing_dir
iz142,ivol923,missing_dir
iz142,ivol924,missing_dir
iz142,ivol925,missing_dir
iz142,ivol926,missing_dir
iz142,ivol927,missing_dir
iz142,ivol928,missing_dir
iz142,ivol929,missing_dir
iz142,ivol930,missing_dir
iz142,ivol931,missing_dir
iz142,ivol932,missing_dir
iz142,ivol933,missing_dir
iz142,ivol934,missing_dir
iz142,ivol935,missing_dir
iz142,ivol936,missing_dir
iz142,ivol937,missing_dir
iz142,ivol938,missing_dir
iz142,ivol939,missing_dir
iz142,ivol940,missing_dir
iz142,ivol941,missing_dir
iz142,ivol942,missing_dir
iz142,ivol943,missing_dir
iz142,ivol944,missing_dir
iz142,ivol945,missing_dir
iz142,ivol946,missing_dir
iz142,ivol947,missing_dir
iz142,ivol948,missing_dir
iz142,ivol949,missing_dir
iz142,ivol950,missing_dir
iz142,ivol951,missing_dir
iz142,ivol952,missing_dir
iz142,ivol953,missing_dir
iz142,ivol954,missing_dir
iz142,ivol955,missing_dir
iz142,ivol956,missing_dir
iz142,ivol957,missing_dir
iz142,ivol958,missing_dir
iz142,ivol959,missing_dir
iz142,ivol960,missing_dir
iz142,ivol961,missing_dir
iz142,ivol962,missing_dir
iz142,ivol963,missing_dir
iz142,ivol964,missing_dir
iz142,ivol965,missing_dir
iz142,ivol966,missing_dir
iz142,ivol967,missing_dir
iz142,ivol968,missing_dir
iz142,ivol969,missing_dir
iz142,ivol970,missing_dir
iz142,ivol971,missing_dir
iz142,ivol972,missing_dir
iz142,ivol973,missing_dir
iz142,ivol974,missing_dir
iz142,ivol975,missing_dir
iz142,ivol976,missing_dir
iz142,ivol977,missing_dir
iz142,ivol978,missing_dir
iz142,ivol979,missing_dir
iz142,ivol980,missing_dir
iz142,ivol981,missing_dir
iz142,ivol982,missing_dir
iz142,ivol983,missing_dir
iz142,ivol984,missing_dir
iz142,ivol985,missing_dir
iz142,ivol986,missing_dir
iz142,ivol987,missing_dir
iz142,ivol988,missing_dir
iz142,ivol989,missing_dir
iz142,ivol990,missing_dir
iz142,ivol991,missing_dir
iz142,ivol992,missing_dir
iz142,ivol993,missing_dir
iz142,ivol994,missing_dir
iz142,ivol995,missing_dir
iz142,ivol996,missing_dir
iz142,ivol997,missing_dir
iz142,ivol998,missing_dir
iz142,ivol999,missing_dir
iz155,ivol1000,missing_dir
iz155,ivol1001,missing_dir
iz155,ivol1002,missing_dir
iz155,ivol1003,missing_dir
iz155,ivol1004,missing_dir
iz155,ivol1005,missing_dir
iz155,ivol1006,missing_dir
iz155,ivol1007,missing_dir
iz155,ivol1008,missing_dir
iz155,ivol1009,missing_dir
iz155,ivol1010,missing_dir
iz155,ivol1011,missing_dir
iz155,ivol1012,missing_dir
iz155,ivol1013,missing_dir
iz155,ivol1014,missing_dir
iz155,ivol1015,missing_dir
iz155,ivol1016,missing_dir
iz155,ivol1017,missing_dir
iz155,ivol1018,missing_dir
iz155,ivol1019,missing_dir
iz155,ivol1020,missing_dir
iz155,ivol1021,missing_dir
iz155,ivol1022,missing_dir
iz155,ivol1023,missing_dir
iz155,ivol600,missing_galaxies_hdf5
iz155,ivol601,missing_galaxies_hdf5
iz155,ivol602,missing_galaxies_hdf5
iz155,ivol603,missing_galaxies_hdf5
iz155,ivol604,missing_galaxies_hdf5
iz155,ivol605,missing_galaxies_hdf5
iz155,ivol606,missing_galaxies_hdf5
iz155,ivol607,missing_galaxies_hdf5
iz155,ivol608,missing_galaxies_hdf5
iz155,ivol609,missing_galaxies_hdf5
iz155,ivol610,missing_galaxies_hdf5
iz155,ivol611,missing_galaxies_hdf5
iz155,ivol612,missing_galaxies_hdf5
iz155,ivol613,missing_galaxies_hdf5
iz155,ivol614,missing_galaxies_hdf5
iz155,ivol615,missing_galaxies_hdf5
iz155,ivol616,missing_galaxies_hdf5
iz155,ivol617,missing_galaxies_hdf5
iz155,ivol618,missing_galaxies_hdf5
iz155,ivol619,missing_galaxies_hdf5
iz155,ivol620,missing_galaxies_hdf5
iz155,ivol621,missing_galaxies_hdf5
iz155,ivol622,missing_galaxies_hdf5
iz155,ivol623,missing_galaxies_hdf5
iz155,ivol624,missing_galaxies_hdf5
iz155,ivol625,missing_galaxies_hdf5
iz155,ivol626,missing_galaxies_hdf5
iz155,ivol627,missing_galaxies_hdf5
iz155,ivol628,missing_galaxies_hdf5
iz155,ivol629,missing_galaxies_hdf5
iz155,ivol630,missing_galaxies_hdf5
iz155,ivol631,missing_galaxies_hdf5
iz155,ivol632,missing_galaxies_hdf5
iz155,ivol633,missing_galaxies_hdf5
iz155,ivol634,missing_galaxies_hdf5
iz155,ivol635,missing_galaxies_hdf5
iz155,ivol636,missing_galaxies_hdf5
iz155,ivol637,missing_galaxies_hdf5
iz155,ivol638,missing_galaxies_hdf5
iz155,ivol639,missing_galaxies_hdf5
iz155,ivol640,missing_galaxies_hdf5
iz155,ivol641,missing_galaxies_hdf5
iz155,ivol642,missing_galaxies_hdf5
iz155,ivol643,missing_galaxies_hdf5
iz155,ivol644,missing_galaxies_hdf5
iz155,ivol645,missing_galaxies_hdf5
iz155,ivol646,missing_galaxies_hdf5
iz155,ivol647,missing_galaxies_hdf5
iz155,ivol648,missing_galaxies_hdf5
iz155,ivol649,missing_galaxies_hdf5
iz155,ivol650,missing_galaxies_hdf5
iz155,ivol651,missing_galaxies_hdf5
iz155,ivol652,missing_galaxies_hdf5
iz155,ivol653,missing_galaxies_hdf5
iz155,ivol654,missing_galaxies_hdf5
iz155,ivol655,missing_galaxies_hdf5
iz155,ivol656,missing_galaxies_hdf5
iz155,ivol657,missing_galaxies_hdf5
iz155,ivol658,missing_galaxies_hdf5
iz155,ivol659,missing_galaxies_hdf5
iz155,ivol660,missing_galaxies_hdf5
iz155,ivol661,missing_galaxies_hdf5
iz155,ivol662,missing_galaxies_hdf5
iz155,ivol663,missing_galaxies_hdf5
iz155,ivol664,missing_galaxies_hdf5
iz155,ivol665,missing_galaxies_hdf5
iz155,ivol666,missing_galaxies_hdf5
iz155,ivol667,missing_galaxies_hdf5
iz155,ivol668,missing_galaxies_hdf5
iz155,ivol669,missing_galaxies_hdf5
iz155,ivol670,missing_galaxies_hdf5
iz155,ivol671,missing_galaxies_hdf5
iz155,ivol672,missing_galaxies_hdf5
iz155,ivol673,missing_galaxies_hdf5
iz155,ivol674,missing_galaxies_hdf5
iz155,ivol675,missing_galaxies_hdf5
iz155,ivol676,missing_galaxies_hdf5
iz155,ivol677,missing_galaxies_hdf5
iz155,ivol678,missing_galaxies_hdf5
iz155,ivol679,missing_galaxies_hdf5
iz155,ivol680,missing_galaxies_hdf5
iz155,ivol681,missing_galaxies_hdf5
iz155,ivol682,missing_galaxies_hdf5
iz155,ivol683,missing_galaxies_hdf5
iz155,ivol684,missing_galaxies_hdf5
iz155,ivol685,missing_galaxies_hdf5
iz155,ivol686,missing_galaxies_hdf5
iz155,ivol687,missing_galaxies_hdf5
iz155,ivol688,missing_galaxies_hdf5
iz155,ivol689,missing_galaxies_hdf5
iz155,ivol690,missing_galaxies_hdf5
iz155,ivol691,missing_galaxies_hdf5
iz155,ivol692,missing_galaxies_hdf5
iz155,ivol693,missing_galaxies_hdf5
iz155,ivol694,missing_galaxies_hdf5
iz155,ivol695,missing_galaxies_hdf5
iz155,ivol696,missing_galaxies_hdf5
iz155,ivol697,missing_galaxies_hdf5
iz155,ivol698,missing_galaxies_hdf5
iz155,ivol699,missing_galaxies_hdf5
iz155,ivol900,missing_galaxies_hdf5
iz155,ivol901,missing_galaxies_hdf5
iz155,ivol902,missing_galaxies_hdf5
iz155,ivol903,missing_galaxies_hdf5
iz155,ivol904,missing_galaxies_hdf5
iz155,ivol905,missing_galaxies_hdf5
iz155,ivol906,missing_galaxies_hdf5
iz155,ivol907,missing_galaxies_hdf5
iz155,ivol908,missing_galaxies_hdf5
iz155,ivol909,missing_galaxies_hdf5
iz155,ivol910,missing_galaxies_hdf5
iz155,ivol911,missing_galaxies_hdf5
iz155,ivol912,missing_galaxies_hdf5
iz155,ivol913,missing_galaxies_hdf5
iz155,ivol914,missing_galaxies_hdf5
iz155,ivol915,missing_galaxies_hdf5
iz155,ivol916,missing_galaxies_hdf5
iz155,ivol917,missing_galaxies_hdf5
iz155,ivol918,missing_galaxies_hdf5
iz155,ivol919,missing_galaxies_hdf5
iz155,ivol920,missing_galaxies_hdf5
iz155,ivol921,missing_galaxies_hdf5
iz155,ivol922,missing_galaxies_hdf5
iz155,ivol923,missing_galaxies_hdf5
iz155,ivol924,missing_galaxies_hdf5
iz155,ivol925,missing_galaxies_hdf5
iz155,ivol926,missing_galaxies_hdf5
iz155,ivol927,missing_galaxies_hdf5
iz155,ivol928,missing_galaxies_hdf5
iz155,ivol929,missing_galaxies_hdf5
iz155,ivol930,missing_galaxies_hdf5
iz155,ivol931,missing_galaxies_hdf5
iz155,ivol932,missing_galaxies_hdf5
iz155,ivol933,missing_galaxies_hdf5
iz155,ivol934,missing_galaxies_hdf5
iz155,ivol935,missing_galaxies_hdf5
iz155,ivol936,missing_galaxies_hdf5
iz155,ivol937,missing_galaxies_hdf5
iz155,ivol938,missing_galaxies_hdf5
iz155,ivol939,missing_galaxies_hdf5
iz155,ivol940,missing_galaxies_hdf5
iz155,ivol941,missing_galaxies_hdf5
iz155,ivol942,missing_galaxies_hdf5
iz155,ivol943,missing_galaxies_hdf5
iz155,ivol944,missing_galaxies_hdf5
iz155,ivol945,missing_galaxies_hdf5
iz155,ivol946,missing_galaxies_hdf5
iz155,ivol947,missing_galaxies_hdf5
iz155,ivol948,missing_galaxies_hdf5
iz155,ivol949,missing_galaxies_hdf5
iz155,ivol950,missing_galaxies_hdf5
iz155,ivol951,missing_galaxies_hdf5
iz155,ivol952,missing_galaxies_hdf5
iz155,ivol953,missing_galaxies_hdf5
iz155,ivol954,missing_galaxies_hdf5
iz155,ivol955,missing_galaxies_hdf5
iz155,ivol956,missing_galaxies_hdf5
iz155,ivol957,missing_galaxies_hdf5
iz155,ivol958,missing_galaxies_hdf5
iz155,ivol959,missing_galaxies_hdf5
iz155,ivol960,missing_galaxies_hdf5
iz155,ivol961,missing_galaxies_hdf5
iz155,ivol962,missing_galaxies_hdf5
iz155,ivol963,missing_galaxies_hdf5
iz155,ivol964,missing_galaxies_hdf5
iz155,ivol965,missing_galaxies_hdf5
iz155,ivol966,missing_galaxies_hdf5
iz155,ivol967,missing_galaxies_hdf5
iz155,ivol968,missing_galaxies_hdf5
iz155,ivol969,missing_galaxies_hdf5
iz155,ivol970,missing_galaxies_hdf5
iz155,ivol971,missing_galaxies_hdf5
iz155,ivol972,missing_galaxies_hdf5
iz155,ivol973,missing_galaxies_hdf5
iz155,ivol974,missing_galaxies_hdf5
iz155,ivol975,missing_galaxies_hdf5
iz155,ivol976,missing_galaxies_hdf5
iz155,ivol977,missing_galaxies_hdf5
iz155,ivol978,missing_galaxies_hdf5
iz155,ivol979,missing_galaxies_hdf5
iz155,ivol980,missing_galaxies_hdf5
iz155,ivol981,missing_galaxies_hdf5
iz155,ivol982,missing_galaxies_hdf5
iz155,ivol983,missing_galaxies_hdf5
iz155,ivol984,missing_galaxies_hdf5
iz155,ivol985,missing_galaxies_hdf5
iz155,ivol986,missing_galaxies_hdf5
iz155,ivol987,missing_galaxies_hdf5
iz155,ivol988,missing_galaxies_hdf5
iz155,ivol989,missing_galaxies_hdf5
iz155,ivol990,missing_galaxies_hdf5
iz155,ivol991,missing_galaxies_hdf5
iz155,ivol992,missing_galaxies_hdf5
iz155,ivol993,missing_galaxies_hdf5
iz155,ivol994,missing_galaxies_hdf5
iz155,ivol995,missing_galaxies_hdf5
iz155,ivol996,missing_galaxies_hdf5
iz155,ivol997,missing_galaxies_hdf5
iz155,ivol998,missing_galaxies_hdf5
iz155,ivol999,missing_galaxies_hdf5
iz176,ivol1000,missing_dir
iz176,ivol1001,missing_dir
iz176,ivol1002,missing_dir
iz176,ivol1003,missing_dir
iz176,ivol1004,missing_dir
iz176,ivol1005,missing_dir
iz176,ivol1006,missing_dir
iz176,ivol1007,missing_dir
iz176,ivol1008,missing_dir
iz176,ivol1009,missing_dir
iz176,ivol1010,missing_dir
iz176,ivol1011,missing_dir
iz176,ivol1012,missing_dir
iz176,ivol1013,missing_dir
iz176,ivol1014,missing_dir
iz176,ivol1015,missing_dir
iz176,ivol1016,missing_dir
iz176,ivol1017,missing_dir
iz176,ivol1018,missing_dir
iz176,ivol1019,missing_dir
iz176,ivol1020,missing_dir
iz176,ivol1021,missing_dir
iz176,ivol1022,missing_dir
iz176,ivol1023,missing_dir
iz176,ivol412,missing_galaxies_hdf5
iz176,ivol424,missing_galaxies_hdf5
iz176,ivol433,missing_galaxies_hdf5
iz176,ivol434,missing_galaxies_hdf5
iz176,ivol435,missing_galaxies_hdf5
iz176,ivol438,missing_galaxies_hdf5
iz176,ivol440,missing_galaxies_hdf5
iz176,ivol444,missing_galaxies_hdf5
iz176,ivol447,missing_galaxies_hdf5
iz176,ivol600,missing_galaxies_hdf5
iz176,ivol601,missing_galaxies_hdf5
iz176,ivol602,missing_galaxies_hdf5
iz176,ivol603,missing_galaxies_hdf5
iz176,ivol604,missing_galaxies_hdf5
iz176,ivol605,missing_galaxies_hdf5
iz176,ivol606,missing_galaxies_hdf5
iz176,ivol607,missing_galaxies_hdf5
iz176,ivol608,missing_galaxies_hdf5
iz176,ivol609,missing_galaxies_hdf5
iz176,ivol610,missing_galaxies_hdf5
iz176,ivol611,missing_galaxies_hdf5
iz176,ivol612,missing_galaxies_hdf5
iz176,ivol613,missing_galaxies_hdf5
iz176,ivol614,missing_galaxies_hdf5
iz176,ivol615,missing_galaxies_hdf5
iz176,ivol616,missing_galaxies_hdf5
iz176,ivol617,missing_galaxies_hdf5
iz176,ivol618,missing_galaxies_hdf5
iz176,ivol619,missing_galaxies_hdf5
iz176,ivol620,missing_galaxies_hdf5
iz176,ivol621,missing_galaxies_hdf5
iz176,ivol622,missing_galaxies_hdf5
iz176,ivol623,missing_galaxies_hdf5
iz176,ivol624,missing_galaxies_hdf5
iz176,ivol625,missing_galaxies_hdf5
iz176,ivol626,missing_galaxies_hdf5
iz176,ivol627,missing_galaxies_hdf5
iz176,ivol628,missing_galaxies_hdf5
iz176,ivol629,missing_galaxies_hdf5
iz176,ivol630,missing_galaxies_hdf5
iz176,ivol631,missing_galaxies_hdf5
iz176,ivol632,missing_galaxies_hdf5
iz176,ivol633,missing_galaxies_hdf5
iz176,ivol634,missing_galaxies_hdf5
iz176,ivol635,missing_galaxies_hdf5
iz176,ivol636,missing_galaxies_hdf5
iz176,ivol637,missing_galaxies_hdf5
iz176,ivol638,missing_galaxies_hdf5
iz176,ivol639,missing_galaxies_hdf5
iz176,ivol640,missing_galaxies_hdf5
iz176,ivol641,missing_galaxies_hdf5
iz176,ivol642,missing_galaxies_hdf5
iz176,ivol643,missing_galaxies_hdf5
iz176,ivol644,missing_galaxies_hdf5
iz176,ivol645,missing_galaxies_hdf5
iz176,ivol646,missing_galaxies_hdf5
iz176,ivol647,missing_galaxies_hdf5
iz176,ivol648,missing_galaxies_hdf5
iz176,ivol649,missing_galaxies_hdf5
iz176,ivol650,missing_galaxies_hdf5
iz176,ivol651,missing_galaxies_hdf5
iz176,ivol652,missing_galaxies_hdf5
iz176,ivol653,missing_galaxies_hdf5
iz176,ivol654,missing_galaxies_hdf5
iz176,ivol655,missing_galaxies_hdf5
iz176,ivol656,missing_galaxies_hdf5
iz176,ivol657,missing_galaxies_hdf5
iz176,ivol658,missing_galaxies_hdf5
iz176,ivol659,missing_galaxies_hdf5
iz176,ivol660,missing_galaxies_hdf5
iz176,ivol661,missing_galaxies_hdf5
iz176,ivol662,missing_galaxies_hdf5
iz176,ivol663,missing_galaxies_hdf5
iz176,ivol664,missing_galaxies_hdf5
iz176,ivol665,missing_galaxies_hdf5
iz176,ivol666,missing_galaxies_hdf5
iz176,ivol667,missing_galaxies_hdf5
iz176,ivol668,missing_galaxies_hdf5
iz176,ivol669,missing_galaxies_hdf5
iz176,ivol670,missing_galaxies_hdf5
iz176,ivol671,missing_galaxies_hdf5
iz176,ivol672,missing_galaxies_hdf5
iz176,ivol673,missing_galaxies_hdf5
iz176,ivol674,missing_galaxies_hdf5
iz176,ivol675,missing_galaxies_hdf5
iz176,ivol676,missing_galaxies_hdf5
iz176,ivol677,missing_galaxies_hdf5
iz176,ivol678,missing_galaxies_hdf5
iz176,ivol679,missing_galaxies_hdf5
iz176,ivol680,missing_galaxies_hdf5
iz176,ivol681,missing_galaxies_hdf5
iz176,ivol682,missing_galaxies_hdf5
iz176,ivol683,missing_galaxies_hdf5
iz176,ivol684,missing_galaxies_hdf5
iz176,ivol685,missing_galaxies_hdf5
iz176,ivol686,missing_galaxies_hdf5
iz176,ivol687,missing_galaxies_hdf5
iz176,ivol688,missing_galaxies_hdf5
iz176,ivol689,missing_galaxies_hdf5
iz176,ivol690,missing_galaxies_hdf5
iz176,ivol691,missing_galaxies_hdf5
iz176,ivol692,missing_galaxies_hdf5
iz176,ivol693,missing_galaxies_hdf5
iz176,ivol694,missing_galaxies_hdf5
iz176,ivol695,missing_galaxies_hdf5
iz176,ivol696,missing_galaxies_hdf5
iz176,ivol697,missing_galaxies_hdf5
iz176,ivol698,missing_galaxies_hdf5
iz176,ivol699,missing_galaxies_hdf5
iz176,ivol900,missing_galaxies_hdf5
iz176,ivol901,missing_galaxies_hdf5
iz176,ivol902,missing_galaxies_hdf5
iz176,ivol903,missing_galaxies_hdf5
iz176,ivol904,missing_galaxies_hdf5
iz176,ivol905,missing_galaxies_hdf5
iz176,ivol906,missing_galaxies_hdf5
iz176,ivol907,missing_galaxies_hdf5
iz176,ivol908,missing_galaxies_hdf5
iz176,ivol909,missing_galaxies_hdf5
iz176,ivol910,missing_galaxies_hdf5
iz176,ivol911,missing_galaxies_hdf5
iz176,ivol912,missing_galaxies_hdf5
iz176,ivol913,missing_galaxies_hdf5
iz176,ivol914,missing_galaxies_hdf5
iz176,ivol915,missing_galaxies_hdf5
iz176,ivol916,missing_galaxies_hdf5
iz176,ivol917,missing_galaxies_hdf5
iz176,ivol918,missing_galaxies_hdf5
iz176,ivol919,missing_galaxies_hdf5
iz176,ivol920,missing_galaxies_hdf5
iz176,ivol921,missing_galaxies_hdf5
iz176,ivol922,missing_galaxies_hdf5
iz176,ivol923,missing_galaxies_hdf5
iz176,ivol924,missing_galaxies_hdf5
iz176,ivol925,missing_galaxies_hdf5
iz176,ivol926,missing_galaxies_hdf5
iz176,ivol927,missing_galaxies_hdf5
iz176,ivol928,missing_galaxies_hdf5
iz176,ivol929,missing_galaxies_hdf5
iz176,ivol930,missing_galaxies_hdf5
iz176,ivol931,missing_galaxies_hdf5
iz176,ivol932,missing_galaxies_hdf5
iz176,ivol933,missing_galaxies_hdf5
iz176,ivol934,missing_galaxies_hdf5
iz176,ivol935,missing_galaxies_hdf5
iz176,ivol936,missing_galaxies_hdf5
iz176,ivol937,missing_galaxies_hdf5
iz176,ivol938,missing_galaxies_hdf5
iz176,ivol939,missing_galaxies_hdf5
iz176,ivol940,missing_galaxies_hdf5
iz176,ivol941,missing_galaxies_hdf5
iz176,ivol942,missing_galaxies_hdf5
iz176,ivol943,missing_galaxies_hdf5
iz176,ivol944,missing_galaxies_hdf5
iz176,ivol945,missing_galaxies_hdf5
iz176,ivol946,missing_galaxies_hdf5
iz176,ivol947,missing_galaxies_hdf5
iz176,ivol948,missing_galaxies_hdf5
iz176,ivol949,missing_galaxies_hdf5
iz176,ivol950,missing_galaxies_hdf5
iz176,ivol951,missing_galaxies_hdf5
iz176,ivol952,missing_galaxies_hdf5
iz176,ivol953,missing_galaxies_hdf5
iz176,ivol954,missing_galaxies_hdf5
iz176,ivol955,missing_galaxies_hdf5
iz176,ivol956,missing_galaxies_hdf5
iz176,ivol957,missing_galaxies_hdf5
iz176,ivol958,missing_galaxies_hdf5
iz176,ivol959,missing_galaxies_hdf5
iz176,ivol960,missing_galaxies_hdf5
iz176,ivol961,missing_galaxies_hdf5
iz176,ivol962,missing_galaxies_hdf5
iz176,ivol963,missing_galaxies_hdf5
iz176,ivol964,missing_galaxies_hdf5
iz176,ivol965,missing_galaxies_hdf5
iz176,ivol966,missing_galaxies_hdf5
iz176,ivol967,missing_galaxies_hdf5
iz176,ivol968,missing_galaxies_hdf5
iz176,ivol969,missing_galaxies_hdf5
iz176,ivol970,missing_galaxies_hdf5
iz176,ivol971,missing_galaxies_hdf5
iz176,ivol972,missing_galaxies_hdf5
iz176,ivol973,missing_galaxies_hdf5
iz176,ivol974,missing_galaxies_hdf5
iz176,ivol975,missing_galaxies_hdf5
iz176,ivol976,missing_galaxies_hdf5
iz176,ivol977,missing_galaxies_hdf5
iz176,ivol978,missing_galaxies_hdf5
iz176,ivol979,missing_galaxies_hdf5
iz176,ivol980,missing_galaxies_hdf5
iz176,ivol981,missing_galaxies_hdf5
iz176,ivol982,missing_galaxies_hdf5
iz176,ivol983,missing_galaxies_hdf5
iz176,ivol984,missing_galaxies_hdf5
iz176,ivol985,missing_galaxies_hdf5
iz176,ivol986,missing_galaxies_hdf5
iz176,ivol987,missing_galaxies_hdf5
iz176,ivol988,missing_galaxies_hdf5
iz176,ivol989,missing_galaxies_hdf5
iz176,ivol990,missing_galaxies_hdf5
iz176,ivol991,missing_galaxies_hdf5
iz176,ivol992,missing_galaxies_hdf5
iz176,ivol993,missing_galaxies_hdf5
iz176,ivol994,missing_galaxies_hdf5
iz176,ivol995,missing_galaxies_hdf5
iz176,ivol996,missing_galaxies_hdf5
iz176,ivol997,missing_galaxies_hdf5
iz176,ivol998,missing_galaxies_hdf5
iz176,ivol999,missing_galaxies_hdf5
iz82,ivol1000,missing_dir
iz82,ivol1001,missing_dir
iz82,ivol1002,missing_dir
iz82,ivol1003,missing_dir
iz82,ivol1004,missing_dir
iz82,ivol1005,missing_dir
iz82,ivol1006,missing_dir
iz82,ivol1007,missing_dir
iz82,ivol1008,missing_dir
iz82,ivol1009,missing_dir
iz82,ivol1010,missing_dir
iz82,ivol1011,missing_dir
iz82,ivol1012,missing_dir
iz82,ivol1013,missing_dir
iz82,ivol1014,missing_dir
iz82,ivol1015,missing_dir
iz82,ivol1016,missing_dir
iz82,ivol1017,missing_dir
iz82,ivol1018,missing_dir
iz82,ivol1019,missing_dir
iz82,ivol1020,missing_dir
iz82,ivol1021,missing_dir
iz82,ivol1022,missing_dir
iz82,ivol1023,missing_dir
iz82,ivol300,missing_galaxies_hdf5
iz82,ivol301,missing_galaxies_hdf5
iz82,ivol302,missing_galaxies_hdf5
iz82,ivol303,missing_galaxies_hdf5
iz82,ivol304,missing_galaxies_hdf5
iz82,ivol305,missing_galaxies_hdf5
iz82,ivol306,missing_galaxies_hdf5
iz82,ivol307,missing_galaxies_hdf5
iz82,ivol308,missing_galaxies_hdf5
iz82,ivol309,missing_galaxies_hdf5
iz82,ivol310,missing_galaxies_hdf5
iz82,ivol311,missing_galaxies_hdf5
iz82,ivol312,missing_galaxies_hdf5
iz82,ivol313,missing_galaxies_hdf5
iz82,ivol314,missing_galaxies_hdf5
iz82,ivol315,missing_galaxies_hdf5
iz82,ivol316,missing_galaxies_hdf5
iz82,ivol317,missing_galaxies_hdf5
iz82,ivol318,missing_galaxies_hdf5
iz82,ivol319,missing_galaxies_hdf5
iz82,ivol320,missing_galaxies_hdf5
iz82,ivol321,missing_galaxies_hdf5
iz82,ivol322,missing_galaxies_hdf5
iz82,ivol323,missing_galaxies_hdf5
iz82,ivol324,missing_galaxies_hdf5
iz82,ivol325,missing_galaxies_hdf5
iz82,ivol326,missing_galaxies_hdf5
iz82,ivol327,missing_galaxies_hdf5
iz82,ivol328,missing_galaxies_hdf5
iz82,ivol329,missing_galaxies_hdf5
iz82,ivol330,missing_galaxies_hdf5
iz82,ivol331,missing_galaxies_hdf5
iz82,ivol332,missing_galaxies_hdf5
iz82,ivol333,missing_galaxies_hdf5
iz82,ivol334,missing_galaxies_hdf5
iz82,ivol335,missing_galaxies_hdf5
iz82,ivol336,missing_galaxies_hdf5
iz82,ivol337,missing_galaxies_hdf5
iz82,ivol338,missing_galaxies_hdf5
iz82,ivol339,missing_galaxies_hdf5
iz82,ivol340,missing_galaxies_hdf5
iz82,ivol341,missing_galaxies_hdf5
iz82,ivol342,missing_galaxies_hdf5
iz82,ivol343,missing_galaxies_hdf5
iz82,ivol344,missing_galaxies_hdf5
iz82,ivol345,missing_galaxies_hdf5
iz82,ivol346,missing_galaxies_hdf5
iz82,ivol347,missing_galaxies_hdf5
iz82,ivol348,missing_galaxies_hdf5
iz82,ivol349,missing_galaxies_hdf5
iz82,ivol350,missing_galaxies_hdf5
iz82,ivol351,missing_galaxies_hdf5
iz82,ivol352,missing_galaxies_hdf5
iz82,ivol353,missing_galaxies_hdf5
iz82,ivol354,missing_galaxies_hdf5
iz82,ivol355,missing_galaxies_hdf5
iz82,ivol356,missing_galaxies_hdf5
iz82,ivol357,missing_galaxies_hdf5
iz82,ivol358,missing_galaxies_hdf5
iz82,ivol359,missing_galaxies_hdf5
iz82,ivol360,missing_galaxies_hdf5
iz82,ivol361,missing_galaxies_hdf5
iz82,ivol362,missing_galaxies_hdf5
iz82,ivol363,missing_galaxies_hdf5
iz82,ivol364,missing_galaxies_hdf5
iz82,ivol365,missing_galaxies_hdf5
iz82,ivol366,missing_galaxies_hdf5
iz82,ivol367,missing_galaxies_hdf5
iz82,ivol368,missing_galaxies_hdf5
iz82,ivol369,missing_galaxies_hdf5
iz82,ivol370,missing_galaxies_hdf5
iz82,ivol371,missing_galaxies_hdf5
iz82,ivol372,missing_galaxies_hdf5
iz82,ivol373,missing_galaxies_hdf5
iz82,ivol374,missing_galaxies_hdf5
iz82,ivol375,missing_galaxies_hdf5
iz82,ivol376,missing_galaxies_hdf5
iz82,ivol377,missing_galaxies_hdf5
iz82,ivol378,missing_galaxies_hdf5
iz82,ivol379,missing_galaxies_hdf5
iz82,ivol380,missing_galaxies_hdf5
iz82,ivol381,missing_galaxies_hdf5
iz82,ivol382,missing_galaxies_hdf5
iz82,ivol383,missing_galaxies_hdf5
iz82,ivol384,missing_galaxies_hdf5
iz82,ivol385,missing_galaxies_hdf5
iz82,ivol386,missing_galaxies_hdf5
iz82,ivol387,missing_galaxies_hdf5
iz82,ivol388,missing_galaxies_hdf5
iz82,ivol389,missing_galaxies_hdf5
iz82,ivol390,missing_galaxies_hdf5
iz82,ivol391,missing_galaxies_hdf5
iz82,ivol392,missing_galaxies_hdf5
iz82,ivol393,missing_galaxies_hdf5
iz82,ivol394,missing_galaxies_hdf5
iz82,ivol395,missing_galaxies_hdf5
iz82,ivol396,missing_galaxies_hdf5
iz82,ivol397,missing_galaxies_hdf5
iz82,ivol398,missing_galaxies_hdf5
iz82,ivol399,missing_galaxies_hdf5
iz82,ivol400,missing_galaxies_hdf5
iz82,ivol401,missing_galaxies_hdf5
iz82,ivol402,missing_galaxies_hdf5
iz82,ivol403,missing_galaxies_hdf5
iz82,ivol404,missing_galaxies_hdf5
iz82,ivol405,missing_galaxies_hdf5
iz82,ivol406,missing_galaxies_hdf5
iz82,ivol407,missing_galaxies_hdf5
iz82,ivol408,missing_galaxies_hdf5
iz82,ivol409,missing_galaxies_hdf5
iz82,ivol410,missing_galaxies_hdf5
iz82,ivol411,missing_galaxies_hdf5
iz82,ivol412,missing_galaxies_hdf5
iz82,ivol413,missing_galaxies_hdf5
iz82,ivol414,missing_galaxies_hdf5
iz82,ivol415,missing_galaxies_hdf5
iz82,ivol416,missing_galaxies_hdf5
iz82,ivol417,missing_galaxies_hdf5
iz82,ivol418,missing_galaxies_hdf5
iz82,ivol419,missing_galaxies_hdf5
iz82,ivol420,missing_galaxies_hdf5
iz82,ivol421,missing_galaxies_hdf5
iz82,ivol422,missing_galaxies_hdf5
iz82,ivol423,missing_galaxies_hdf5
iz82,ivol424,missing_galaxies_hdf5
iz82,ivol425,missing_galaxies_hdf5
iz82,ivol426,missing_galaxies_hdf5
iz82,ivol427,missing_galaxies_hdf5
iz82,ivol428,missing_galaxies_hdf5
iz82,ivol429,missing_galaxies_hdf5
iz82,ivol430,missing_galaxies_hdf5
iz82,ivol431,missing_galaxies_hdf5
iz82,ivol432,missing_galaxies_hdf5
iz82,ivol433,missing_galaxies_hdf5
iz82,ivol434,missing_galaxies_hdf5
iz82,ivol435,missing_galaxies_hdf5
iz82,ivol436,missing_galaxies_hdf5
iz82,ivol437,missing_galaxies_hdf5
iz82,ivol438,missing_galaxies_hdf5
iz82,ivol439,missing_galaxies_hdf5
iz82,ivol440,missing_galaxies_hdf5
iz82,ivol441,missing_galaxies_hdf5
iz82,ivol442,missing_galaxies_hdf5
iz82,ivol443,missing_galaxies_hdf5
iz82,ivol444,missing_galaxies_hdf5
iz82,ivol445,missing_galaxies_hdf5
iz82,ivol446,missing_galaxies_hdf5
iz82,ivol447,missing_galaxies_hdf5
iz82,ivol448,missing_galaxies_hdf5
iz82,ivol449,missing_galaxies_hdf5
iz82,ivol450,missing_galaxies_hdf5
iz82,ivol451,missing_galaxies_hdf5
iz82,ivol452,missing_galaxies_hdf5
iz82,ivol453,missing_galaxies_hdf5
iz82,ivol454,missing_galaxies_hdf5
iz82,ivol455,missing_galaxies_hdf5
iz82,ivol456,missing_galaxies_hdf5
iz82,ivol457,missing_galaxies_hdf5
iz82,ivol458,missing_galaxies_hdf5
iz82,ivol459,missing_galaxies_hdf5
iz82,ivol460,missing_galaxies_hdf5
iz82,ivol461,missing_galaxies_hdf5
iz82,ivol462,missing_galaxies_hdf5
iz82,ivol463,missing_galaxies_hdf5
iz82,ivol464,missing_galaxies_hdf5
iz82,ivol465,missing_galaxies_hdf5
iz82,ivol466,missing_galaxies_hdf5
iz82,ivol467,missing_galaxies_hdf5
iz82,ivol468,missing_galaxies_hdf5
iz82,ivol469,missing_galaxies_hdf5
iz82,ivol470,missing_galaxies_hdf5
iz82,ivol471,missing_galaxies_hdf5
iz82,ivol472,missing_galaxies_hdf5
iz82,ivol473,missing_galaxies_hdf5
iz82,ivol474,missing_galaxies_hdf5
iz82,ivol475,missing_galaxies_hdf5
iz82,ivol476,missing_galaxies_hdf5
iz82,ivol477,missing_galaxies_hdf5
iz82,ivol478,missing_galaxies_hdf5
iz82,ivol479,missing_galaxies_hdf5
iz82,ivol480,missing_galaxies_hdf5
iz82,ivol481,missing_galaxies_hdf5
iz82,ivol482,missing_galaxies_hdf5
iz82,ivol483,missing_galaxies_hdf5
iz82,ivol484,missing_galaxies_hdf5
iz82,ivol485,missing_galaxies_hdf5
iz82,ivol486,missing_galaxies_hdf5
iz82,ivol487,missing_galaxies_hdf5
iz82,ivol488,missing_galaxies_hdf5
iz82,ivol489,missing_galaxies_hdf5
iz82,ivol490,missing_galaxies_hdf5
iz82,ivol491,missing_galaxies_hdf5
iz82,ivol492,missing_galaxies_hdf5
iz82,ivol493,missing_galaxies_hdf5
iz82,ivol494,missing_galaxies_hdf5
iz82,ivol495,missing_galaxies_hdf5
iz82,ivol496,missing_galaxies_hdf5
iz82,ivol497,missing_galaxies_hdf5
iz82,ivol498,missing_galaxies_hdf5
iz82,ivol499,missing_galaxies_hdf5
iz82,ivol500,missing_dir
iz82,ivol501,missing_dir
iz82,ivol502,missing_dir
iz82,ivol503,missing_dir
iz82,ivol504,missing_dir
iz82,ivol505,missing_dir
iz82,ivol506,missing_dir
iz82,ivol507,missing_dir
iz82,ivol508,missing_dir
iz82,ivol509,missing_dir
iz82,ivol510,missing_dir
iz82,ivol511,missing_galaxies_hdf5
iz82,ivol512,missing_galaxies_hdf5
iz82,ivol513,missing_galaxies_hdf5
iz82,ivol514,missing_galaxies_hdf5
iz82,ivol515,missing_galaxies_hdf5
iz82,ivol516,missing_galaxies_hdf5
iz82,ivol517,missing_galaxies_hdf5
iz82,ivol518,missing_galaxies_hdf5
iz82,ivol519,missing_galaxies_hdf5
iz82,ivol520,missing_galaxies_hdf5
iz82,ivol521,missing_galaxies_hdf5
iz82,ivol522,missing_galaxies_hdf5
iz82,ivol523,missing_galaxies_hdf5
iz82,ivol524,missing_galaxies_hdf5
iz82,ivol525,missing_galaxies_hdf5
iz82,ivol526,missing_galaxies_hdf5
iz82,ivol527,missing_galaxies_hdf5
iz82,ivol528,missing_galaxies_hdf5
iz82,ivol529,missing_galaxies_hdf5
iz82,ivol530,missing_galaxies_hdf5
iz82,ivol531,missing_galaxies_hdf5
iz82,ivol532,missing_galaxies_hdf5
iz82,ivol533,missing_galaxies_hdf5
iz82,ivol534,missing_galaxies_hdf5
iz82,ivol535,missing_galaxies_hdf5
iz82,ivol536,missing_galaxies_hdf5
iz82,ivol537,missing_galaxies_hdf5
iz82,ivol538,missing_galaxies_hdf5
iz82,ivol539,missing_galaxies_hdf5
iz82,ivol540,missing_galaxies_hdf5
iz82,ivol541,missing_galaxies_hdf5
iz82,ivol542,missing_galaxies_hdf5
iz82,ivol543,missing_galaxies_hdf5
iz82,ivol544,missing_galaxies_hdf5
iz82,ivol545,missing_galaxies_hdf5
iz82,ivol546,missing_galaxies_hdf5
iz82,ivol547,missing_galaxies_hdf5
iz82,ivol548,missing_galaxies_hdf5
iz82,ivol549,missing_galaxies_hdf5
iz82,ivol550,missing_galaxies_hdf5
iz82,ivol551,missing_galaxies_hdf5
iz82,ivol552,missing_galaxies_hdf5
iz82,ivol553,missing_galaxies_hdf5
iz82,ivol554,missing_galaxies_hdf5
iz82,ivol555,missing_galaxies_hdf5
iz82,ivol556,missing_galaxies_hdf5
iz82,ivol557,missing_galaxies_hdf5
iz82,ivol558,missing_galaxies_hdf5
iz82,ivol559,missing_galaxies_hdf5
iz82,ivol560,missing_galaxies_hdf5
iz82,ivol561,missing_galaxies_hdf5
iz82,ivol562,missing_galaxies_hdf5
iz82,ivol563,missing_galaxies_hdf5
iz82,ivol564,missing_galaxies_hdf5
iz82,ivol565,missing_galaxies_hdf5
iz82,ivol566,missing_galaxies_hdf5
iz82,ivol567,missing_galaxies_hdf5
iz82,ivol568,missing_galaxies_hdf5
iz82,ivol569,missing_galaxies_hdf5
iz82,ivol570,missing_galaxies_hdf5
iz82,ivol571,missing_galaxies_hdf5
iz82,ivol572,missing_galaxies_hdf5
iz82,ivol573,missing_galaxies_hdf5
iz82,ivol574,missing_galaxies_hdf5
iz82,ivol575,missing_galaxies_hdf5
iz82,ivol576,missing_galaxies_hdf5
iz82,ivol577,missing_galaxies_hdf5
iz82,ivol578,missing_galaxies_hdf5
iz82,ivol579,missing_galaxies_hdf5
iz82,ivol580,missing_galaxies_hdf5
iz82,ivol581,missing_galaxies_hdf5
iz82,ivol582,missing_galaxies_hdf5
iz82,ivol583,missing_galaxies_hdf5
iz82,ivol584,missing_galaxies_hdf5
iz82,ivol585,missing_galaxies_hdf5
iz82,ivol586,missing_galaxies_hdf5
iz82,ivol587,missing_galaxies_hdf5
iz82,ivol588,missing_galaxies_hdf5
iz82,ivol589,missing_galaxies_hdf5
iz82,ivol590,missing_galaxies_hdf5
iz82,ivol591,missing_galaxies_hdf5
iz82,ivol592,missing_galaxies_hdf5
iz82,ivol593,missing_galaxies_hdf5
iz82,ivol594,missing_galaxies_hdf5
iz82,ivol595,missing_galaxies_hdf5
iz82,ivol596,missing_galaxies_hdf5
iz82,ivol597,missing_galaxies_hdf5
iz82,ivol598,missing_galaxies_hdf5
iz82,ivol599,missing_galaxies_hdf5
iz82,ivol600,missing_dir
iz82,ivol601,missing_dir
iz82,ivol602,missing_dir
iz82,ivol603,missing_dir
iz82,ivol604,missing_dir
iz82,ivol605,missing_dir
iz82,ivol606,missing_dir
iz82,ivol607,missing_dir
iz82,ivol608,missing_dir
iz82,ivol609,missing_dir
iz82,ivol610,missing_dir
iz82,ivol611,missing_dir
iz82,ivol612,missing_dir
iz82,ivol613,missing_dir
iz82,ivol614,missing_dir
iz82,ivol615,missing_dir
iz82,ivol616,missing_dir
iz82,ivol617,missing_dir
iz82,ivol618,missing_dir
iz82,ivol619,missing_dir
iz82,ivol620,missing_dir
iz82,ivol621,missing_dir
iz82,ivol622,missing_dir
iz82,ivol623,missing_dir
iz82,ivol624,missing_dir
iz82,ivol625,missing_dir
iz82,ivol626,missing_dir
iz82,ivol627,missing_dir
iz82,ivol628,missing_dir
iz82,ivol629,missing_dir
iz82,ivol630,missing_dir
iz82,ivol631,missing_dir
iz82,ivol632,missing_dir
iz82,ivol633,missing_dir
iz82,ivol634,missing_dir
iz82,ivol635,missing_dir
iz82,ivol636,missing_dir
iz82,ivol637,missing_dir
iz82,ivol638,missing_dir
iz82,ivol639,missing_dir
iz82,ivol640,missing_dir
iz82,ivol641,missing_dir
iz82,ivol642,missing_dir
iz82,ivol643,missing_dir
iz82,ivol644,missing_dir
iz82,ivol645,missing_dir
iz82,ivol646,missing_dir
iz82,ivol647,missing_dir
iz82,ivol648,missing_dir
iz82,ivol649,missing_dir
iz82,ivol650,missing_galaxies_hdf5
iz82,ivol651,missing_galaxies_hdf5
iz82,ivol652,missing_galaxies_hdf5
iz82,ivol653,missing_galaxies_hdf5
iz82,ivol654,missing_galaxies_hdf5
iz82,ivol655,missing_galaxies_hdf5
iz82,ivol656,missing_galaxies_hdf5
iz82,ivol657,missing_galaxies_hdf5
iz82,ivol658,missing_galaxies_hdf5
iz82,ivol659,missing_galaxies_hdf5
iz82,ivol660,missing_galaxies_hdf5
iz82,ivol661,missing_galaxies_hdf5
iz82,ivol662,missing_galaxies_hdf5
iz82,ivol663,missing_galaxies_hdf5
iz82,ivol664,missing_galaxies_hdf5
iz82,ivol665,missing_galaxies_hdf5
iz82,ivol666,missing_galaxies_hdf5
iz82,ivol667,missing_galaxies_hdf5
iz82,ivol668,missing_galaxies_hdf5
iz82,ivol669,missing_galaxies_hdf5
iz82,ivol670,missing_galaxies_hdf5
iz82,ivol671,missing_galaxies_hdf5
iz82,ivol672,missing_galaxies_hdf5
iz82,ivol673,missing_galaxies_hdf5
iz82,ivol674,missing_galaxies_hdf5
iz82,ivol675,missing_galaxies_hdf5
iz82,ivol676,missing_galaxies_hdf5
iz82,ivol677,missing_galaxies_hdf5
iz82,ivol678,missing_galaxies_hdf5
iz82,ivol679,missing_galaxies_hdf5
iz82,ivol680,missing_galaxies_hdf5
iz82,ivol681,missing_galaxies_hdf5
iz82,ivol682,missing_galaxies_hdf5
iz82,ivol683,missing_galaxies_hdf5
iz82,ivol684,missing_galaxies_hdf5
iz82,ivol685,missing_galaxies_hdf5
iz82,ivol686,missing_galaxies_hdf5
iz82,ivol687,missing_galaxies_hdf5
iz82,ivol688,missing_galaxies_hdf5
iz82,ivol689,missing_galaxies_hdf5
iz82,ivol690,missing_galaxies_hdf5
iz82,ivol691,missing_galaxies_hdf5
iz82,ivol692,missing_galaxies_hdf5
iz82,ivol693,missing_galaxies_hdf5
iz82,ivol694,missing_galaxies_hdf5
iz82,ivol695,missing_galaxies_hdf5
iz82,ivol696,missing_galaxies_hdf5
iz82,ivol697,missing_galaxies_hdf5
iz82,ivol698,missing_galaxies_hdf5
iz82,ivol699,missing_galaxies_hdf5
iz82,ivol900,missing_dir
iz82,ivol901,missing_dir
iz82,ivol902,missing_dir
iz82,ivol903,missing_dir
iz82,ivol904,missing_dir
iz82,ivol905,missing_dir
iz82,ivol906,missing_dir
iz82,ivol907,missing_dir
iz82,ivol908,missing_dir
iz82,ivol909,missing_dir
iz82,ivol910,missing_dir
iz82,ivol911,missing_dir
iz82,ivol912,missing_dir
iz82,ivol913,missing_dir
iz82,ivol914,missing_dir
iz82,ivol915,missing_dir
iz82,ivol916,missing_dir
iz82,ivol917,missing_dir
iz82,ivol918,missing_dir
iz82,ivol919,missing_dir
iz82,ivol920,missing_dir
iz82,ivol921,missing_dir
iz82,ivol922,missing_dir
iz82,ivol923,missing_dir
iz82,ivol924,missing_dir
iz82,ivol925,missing_dir
iz82,ivol926,missing_dir
iz82,ivol927,missing_dir
iz82,ivol928,missing_dir
iz82,ivol929,missing_dir
iz82,ivol930,missing_dir
iz82,ivol931,missing_dir
iz82,ivol932,missing_dir
iz82,ivol933,missing_dir
iz82,ivol934,missing_dir
iz82,ivol935,missing_dir
iz82,ivol936,missing_dir
iz82,ivol937,missing_dir
iz82,ivol938,missing_dir
iz82,ivol939,missing_dir
iz82,ivol940,missing_dir
iz82,ivol941,missing_dir
iz82,ivol942,missing_dir
iz82,ivol943,missing_dir
iz82,ivol944,missing_dir
iz82,ivol945,missing_dir
iz82,ivol946,missing_dir
iz82,ivol947,missing_dir
iz82,ivol948,missing_dir
iz82,ivol949,missing_dir
iz82,ivol950,missing_dir
iz82,ivol951,missing_dir
iz82,ivol952,missing_dir
iz82,ivol953,missing_dir
iz82,ivol954,missing_dir
iz82,ivol955,missing_dir
iz82,ivol956,missing_dir
iz82,ivol957,missing_dir
iz82,ivol958,missing_dir
iz82,ivol959,missing_dir
iz82,ivol960,missing_dir
iz82,ivol961,missing_dir
iz82,ivol962,missing_dir
iz82,ivol963,missing_dir
iz82,ivol964,missing_dir
iz82,ivol965,missing_dir
iz82,ivol966,missing_dir
iz82,ivol967,missing_dir
iz82,ivol968,missing_dir
iz82,ivol969,missing_dir
iz82,ivol970,missing_dir
iz82,ivol971,missing_dir
iz82,ivol972,missing_dir
iz82,ivol973,missing_dir
iz82,ivol974,missing_dir
iz82,ivol975,missing_dir
iz82,ivol976,missing_dir
iz82,ivol977,missing_dir
iz82,ivol978,missing_dir
iz82,ivol979,missing_dir
iz82,ivol980,missing_dir
iz82,ivol981,missing_dir
iz82,ivol982,missing_dir
iz82,ivol983,missing_dir
iz82,ivol984,missing_dir
iz82,ivol985,missing_dir
iz82,ivol986,missing_dir
iz82,ivol987,missing_dir
iz82,ivol988,missing_dir
iz82,ivol989,missing_dir
iz82,ivol990,missing_dir
iz82,ivol991,missing_dir
iz82,ivol992,missing_dir
iz82,ivol993,missing_dir
iz82,ivol994,missing_dir
iz82,ivol995,missing_dir
iz82,ivol996,missing_dir
iz82,ivol997,missing_dir
iz82,ivol998,missing_dir
iz82,ivol999,missing_dir
