iz,z,n_ivols,log_Mhalo,phi,bin_idx
iz207,0.495942,1,9.1,0.0,0
iz207,0.495942,1,9.299999999999999,0.0,1
iz207,0.495942,1,9.499999999999998,0.0,2
iz207,0.495942,1,9.699999999999998,0.0,3
iz207,0.495942,1,9.899999999999997,0.0,4
iz207,0.495942,1,10.099999999999996,0.7278663704170779,5
iz207,0.495942,1,10.299999999999995,0.467370209245519,6
iz207,0.495942,1,10.499999999999995,0.2717731903490648,7
iz207,0.495942,1,10.699999999999994,0.21095434068234534,8
iz207,0.495942,1,10.899999999999993,0.11090685105626806,9
iz207,0.495942,1,11.099999999999993,0.08070626009656587,10
iz207,0.495942,1,11.299999999999992,0.044786833827473255,11
iz207,0.495942,1,11.499999999999991,0.029782923212387166,12
iz207,0.495942,1,11.69999999999999,0.019887410429846448,13
iz207,0.495942,1,11.89999999999999,0.010827233141935788,14
iz207,0.495942,1,12.099999999999989,0.008064200352005587,15
iz207,0.495942,1,12.299999999999988,0.004722858373485343,16
iz207,0.495942,1,12.499999999999988,0.002859417654695208,17
iz207,0.495942,1,12.699999999999987,0.0018634407187901355,18
iz207,0.495942,1,12.899999999999986,0.0011566183771800841,19
iz207,0.495942,1,13.099999999999985,0.00048192432382503504,20
iz207,0.495942,1,13.299999999999985,0.0003534111708050257,21
iz207,0.495942,1,13.499999999999984,0.0002570263060400187,22
iz207,0.495942,1,13.699999999999983,9.638486476500702e-05,23
iz207,0.495942,1,13.899999999999983,3.2128288255002334e-05,24
iz207,0.495942,1,14.099999999999982,0.0,25
iz207,0.495942,1,14.299999999999981,3.2128288255002334e-05,26
iz207,0.495942,1,14.49999999999998,0.0,27
iz207,0.495942,1,14.69999999999998,0.0,28
iz207,0.495942,2,9.1,0.0,0
iz207,0.495942,2,9.299999999999999,0.0,1
iz207,0.495942,2,9.499999999999998,0.0,2
iz207,0.495942,2,9.699999999999998,0.0,3
iz207,0.495942,2,9.899999999999997,0.0,4
iz207,0.495942,2,10.099999999999996,0.7289426680736205,5
iz207,0.495942,2,10.299999999999995,0.4684946993344441,6
iz207,0.495942,2,10.499999999999995,0.27702616547875764,7
iz207,0.495942,2,10.699999999999994,0.20965314500801774,8
iz207,0.495942,2,10.899999999999993,0.11064982475022804,9
iz207,0.495942,2,11.099999999999993,0.08033678478163334,10
iz207,0.495942,2,11.299999999999992,0.0467305952669009,11
iz207,0.495942,2,11.499999999999991,0.030072077806682185,12
iz207,0.495942,2,11.69999999999999,0.019485806826658916,13
iz207,0.495942,2,11.89999999999999,0.011084259447975807,14
iz207,0.495942,2,12.099999999999989,0.007710789181200561,15
iz207,0.495942,2,12.299999999999988,0.004819243238250351,16
iz207,0.495942,2,12.499999999999988,0.002666647925165194,17
iz207,0.495942,2,12.699999999999987,0.0018795048629176366,18
iz207,0.495942,2,12.899999999999986,0.0011726825213075852,19
iz207,0.495942,2,13.099999999999985,0.0005943733327175432,20
iz207,0.495942,2,13.299999999999985,0.0003534111708050257,21
iz207,0.495942,2,13.499999999999984,0.00020883387365751519,22
iz207,0.495942,2,13.699999999999983,8.032072063750584e-05,23
iz207,0.495942,2,13.899999999999983,3.2128288255002334e-05,24
iz207,0.495942,2,14.099999999999982,3.2128288255002334e-05,25
iz207,0.495942,2,14.299999999999981,1.6064144127501167e-05,26
iz207,0.495942,2,14.49999999999998,0.0,27
iz207,0.495942,2,14.69999999999998,0.0,28
iz207,0.495942,4,9.1,0.0,0
iz207,0.495942,4,9.299999999999999,0.0,1
iz207,0.495942,4,9.499999999999998,0.0,2
iz207,0.495942,4,9.699999999999998,0.0,3
iz207,0.495942,4,9.899999999999997,0.0,4
iz207,0.495942,4,10.099999999999996,0.7442517974271291,5
iz207,0.495942,4,10.299999999999995,0.4791050665306586,6
iz207,0.495942,4,10.499999999999995,0.28120284295190795,7
iz207,0.495942,4,10.699999999999994,0.21524346716438816,8
iz207,0.495942,4,10.899999999999993,0.11326024817094699,9
iz207,0.495942,4,11.099999999999993,0.0810114788349884,10
iz207,0.495942,4,11.299999999999992,0.048112111661866,11
iz207,0.495942,4,11.499999999999991,0.03140540176926478,12
iz207,0.495942,4,11.69999999999999,0.019847250069527693,13
iz207,0.495942,4,11.89999999999999,0.011879434582287114,14
iz207,0.495942,4,12.099999999999989,0.007999943775495582,15
iz207,0.495942,4,12.299999999999988,0.0048112111661866,16
iz207,0.495942,4,12.499999999999988,0.002843353510567707,17
iz207,0.495942,4,12.699999999999987,0.0018875369349813872,18
iz207,0.495942,4,12.899999999999986,0.0012048108095625877,19
iz207,0.495942,4,13.099999999999985,0.0005702771165262914,20
iz207,0.495942,4,13.299999999999985,0.00039357153112377864,21
iz207,0.495942,4,13.499999999999984,0.00019276972953001403,22
iz207,0.495942,4,13.699999999999983,9.638486476500702e-05,23
iz207,0.495942,4,13.899999999999983,6.425657651000467e-05,24
iz207,0.495942,4,14.099999999999982,2.4096216191251754e-05,25
iz207,0.495942,4,14.299999999999981,8.032072063750584e-06,26
iz207,0.495942,4,14.49999999999998,8.032072063750584e-06,27
iz207,0.495942,4,14.69999999999998,0.0,28
iz207,0.495942,8,9.1,0.0,0
iz207,0.495942,8,9.299999999999999,0.0,1
iz207,0.495942,8,9.499999999999998,0.0,2
iz207,0.495942,8,9.699999999999998,0.0,3
iz207,0.495942,8,9.899999999999997,0.0,4
iz207,0.495942,8,10.099999999999996,0.7496453338179376,5
iz207,0.495942,8,10.299999999999995,0.4855066279654678,6
iz207,0.495942,8,10.499999999999995,0.2809819609701548,7
iz207,0.495942,8,10.699999999999994,0.21695429851396703,8
iz207,0.495942,8,10.899999999999993,0.113517274476987,9
iz207,0.495942,8,11.099999999999993,0.08160585216770594,10
iz207,0.495942,8,11.299999999999992,0.04864222841807354,11
iz207,0.495942,8,11.499999999999991,0.031208616003702894,12
iz207,0.495942,8,11.69999999999999,0.020188613132237094,13
iz207,0.495942,8,11.89999999999999,0.011911562870542116,14
iz207,0.495942,8,12.099999999999989,0.007867414586443697,15
iz207,0.495942,8,12.299999999999988,0.004911612066983482,16
iz207,0.495942,8,12.499999999999988,0.0030722675643845986,17
iz207,0.495942,8,12.699999999999987,0.0019156491872045142,18
iz207,0.495942,8,12.899999999999986,0.00123693909781759,19
iz207,0.495942,8,13.099999999999985,0.000618469548908795,20
iz207,0.495942,8,13.299999999999985,0.00036947531493252686,21
iz207,0.495942,8,13.499999999999984,0.00021284990968939047,22
iz207,0.495942,8,13.699999999999983,0.00011244900889250818,23
iz207,0.495942,8,13.899999999999983,6.024054047812938e-05,24
iz207,0.495942,8,14.099999999999982,2.008018015937646e-05,25
iz207,0.495942,8,14.299999999999981,1.2048108095625877e-05,26
iz207,0.495942,8,14.49999999999998,1.2048108095625877e-05,27
iz207,0.495942,8,14.69999999999998,0.0,28
iz207,0.495942,20,9.1,0.0,0
iz207,0.495942,20,9.299999999999999,0.0,1
iz207,0.495942,20,9.499999999999998,0.0,2
iz207,0.495942,20,9.699999999999998,0.0,3
iz207,0.495942,20,9.899999999999997,0.0,4
iz207,0.495942,20,10.099999999999996,0.7294952746316066,5
iz207,0.495942,20,10.299999999999995,0.4725589277987019,6
iz207,0.495942,20,10.499999999999995,0.27190973557414855,7
iz207,0.495942,20,10.699999999999994,0.2115904807897944,8
iz207,0.495942,20,10.899999999999993,0.1107253262276273,9
iz207,0.495942,20,11.099999999999993,0.07936008481868127,10
iz207,0.495942,20,11.299999999999992,0.04779243519372873,11
iz207,0.495942,20,11.499999999999991,0.029778103969148918,12
iz207,0.495942,20,11.69999999999999,0.0199532734207692,13
iz207,0.495942,20,11.89999999999999,0.011702728996884602,14
iz207,0.495942,20,12.099999999999989,0.007664203163230808,15
iz207,0.495942,20,12.299999999999988,0.0048015726797100994,16
iz207,0.495942,20,12.499999999999988,0.002941344789745464,17
iz207,0.495942,20,12.699999999999987,0.0019180588088236396,18
iz207,0.495942,20,12.899999999999986,0.0011052131159720805,19
iz207,0.495942,20,13.099999999999985,0.0006425657651000468,20
iz207,0.495942,20,13.299999999999985,0.0003694753149325269,21
iz207,0.495942,20,13.499999999999984,0.00019437614394276416,22
iz207,0.495942,20,13.699999999999983,8.51399638757562e-05,23
iz207,0.495942,20,13.899999999999983,5.301167562075386e-05,24
iz207,0.495942,20,14.099999999999982,2.088338736575152e-05,25
iz207,0.495942,20,14.299999999999981,6.4256576510004675e-06,26
iz207,0.495942,20,14.49999999999998,6.4256576510004675e-06,27
iz207,0.495942,20,14.69999999999998,0.0,28
iz207,0.495942,50,9.1,0.0,0
iz207,0.495942,50,9.299999999999999,0.0,1
iz207,0.495942,50,9.499999999999998,0.0,2
iz207,0.495942,50,9.699999999999998,0.0,3
iz207,0.495942,50,9.899999999999997,0.0,4
iz207,0.495942,50,10.099999999999996,0.727500107930971,5
iz207,0.495942,50,10.299999999999995,0.47173644361937384,6
iz207,0.495942,50,10.499999999999995,0.2716941547599575,7
iz207,0.495942,50,10.699999999999994,0.21108028357230496,8
iz207,0.495942,50,10.899999999999993,0.11000790155089311,9
iz207,0.495942,50,11.099999999999993,0.07887687536332605,10
iz207,0.495942,50,11.299999999999992,0.04764046839028257,11
iz207,0.495942,50,11.499999999999991,0.029740513871890566,12
iz207,0.495942,50,11.69999999999999,0.019872631417249147,13
iz207,0.495942,50,11.89999999999999,0.01181228645983416,14
iz207,0.495942,50,12.099999999999989,0.007807816611730668,15
iz207,0.495942,50,12.299999999999988,0.004748561004089346,16
iz207,0.495942,50,12.499999999999988,0.0029435937699233143,17
iz207,0.495942,50,12.699999999999987,0.0018608704557297356,18
iz207,0.495942,50,12.899999999999986,0.0011302731808109823,19
iz207,0.495942,50,13.099999999999985,0.0006425657651000468,20
iz207,0.495942,50,13.299999999999985,0.0003836117617647279,21
iz207,0.495942,50,13.499999999999984,0.0001979102556508144,22
iz207,0.495942,50,13.699999999999983,9.445716746970688e-05,23
iz207,0.495942,50,13.899999999999983,5.0762695442903696e-05,24
iz207,0.495942,50,14.099999999999982,1.799184142280131e-05,25
iz207,0.495942,50,14.299999999999981,5.783091885900421e-06,26
iz207,0.495942,50,14.49999999999998,3.855394590600281e-06,27
iz207,0.495942,50,14.69999999999998,0.0,28
iz207,0.495942,100,9.1,0.0,0
iz207,0.495942,100,9.299999999999999,0.0,1
iz207,0.495942,100,9.499999999999998,0.0,2
iz207,0.495942,100,9.699999999999998,0.0,3
iz207,0.495942,100,9.899999999999997,0.0,4
iz207,0.495942,100,10.099999999999996,0.7262143338350058,5
iz207,0.495942,100,10.299999999999995,0.47130174787928364,6
iz207,0.495942,100,10.499999999999995,0.2714400199998604,7
iz207,0.495942,100,10.699999999999994,0.21056590967734237,8
iz207,0.495942,100,10.899999999999993,0.109833766228551,9
iz207,0.495942,100,11.099999999999993,0.07883478730571199,10
iz207,0.495942,100,11.299999999999992,0.04778568825319518,11
iz207,0.495942,100,11.499999999999991,0.029776176271853617,12
iz207,0.495942,100,11.69999999999999,0.01975921855970899,13
iz207,0.495942,100,11.89999999999999,0.011825780340901261,14
iz207,0.495942,100,12.099999999999989,0.007751913390166965,15
iz207,0.495942,100,12.299999999999988,0.004686232124874641,16
iz207,0.495942,100,12.499999999999988,0.002937810678037414,17
iz207,0.495942,100,12.699999999999987,0.0018380593710686838,18
iz207,0.495942,100,12.899999999999986,0.0011097110763277809,19
iz207,0.495942,100,13.099999999999985,0.0006396742191570966,20
iz207,0.495942,100,13.299999999999985,0.0003813627815868778,21
iz207,0.495942,100,13.499999999999984,0.0002033720646541648,22
iz207,0.495942,100,13.699999999999983,9.670614764755704e-05,23
iz207,0.495942,100,13.899999999999983,5.108397832545372e-05,24
iz207,0.495942,100,14.099999999999982,2.0562104483201497e-05,25
iz207,0.495942,100,14.299999999999981,6.746940533550491e-06,26
iz207,0.495942,100,14.49999999999998,3.2128288255002338e-06,27
iz207,0.495942,100,14.69999999999998,3.212828825500234e-07,28
iz207,0.495942,300,9.1,0.0,0
iz207,0.495942,300,9.299999999999999,0.0,1
iz207,0.495942,300,9.499999999999998,0.0,2
iz207,0.495942,300,9.699999999999998,0.0,3
iz207,0.495942,300,9.899999999999997,0.0,4
iz207,0.495942,300,10.099999999999996,0.730934193568254,5
iz207,0.495942,300,10.299999999999995,0.47423184776813987,6
iz207,0.495942,300,10.499999999999995,0.27321907041483406,7
iz207,0.495942,300,10.699999999999994,0.21200140159657588,8
iz207,0.495942,300,10.899999999999993,0.1107055137832034,9
iz207,0.495942,300,11.099999999999993,0.07939339114417229,10
iz207,0.495942,300,11.299999999999992,0.04806102768354055,11
iz207,0.495942,300,11.499999999999991,0.02996669702120578,12
iz207,0.495942,300,11.69999999999999,0.019928641733107034,13
iz207,0.495942,300,11.89999999999999,0.011879648770875481,14
iz207,0.495942,300,12.099999999999989,0.007773653531886183,15
iz207,0.495942,300,12.299999999999988,0.004734531651551328,16
iz207,0.495942,300,12.499999999999988,0.002963299120053049,17
iz207,0.495942,300,12.699999999999987,0.0018418076713651009,18
iz207,0.495942,300,12.899999999999986,0.0011045705502069805,19
iz207,0.495942,300,13.099999999999985,0.0006507049314579807,20
iz207,0.495942,300,13.299999999999985,0.0003817911587636111,21
iz207,0.495942,300,13.499999999999984,0.00020422881900763153,22
iz207,0.495942,300,13.699999999999983,0.00010945036865537464,23
iz207,0.495942,300,13.899999999999983,5.36542413858539e-05,24
iz207,0.495942,300,14.099999999999982,2.4096216191251754e-05,25
iz207,0.495942,300,14.299999999999981,7.710789181200562e-06,26
iz207,0.495942,300,14.49999999999998,3.7483002964169397e-06,27
iz207,0.495942,300,14.69999999999998,1.2851315302000935e-06,28
iz207,0.495942,600,9.1,0.0,0
iz207,0.495942,600,9.299999999999999,0.0,1
iz207,0.495942,600,9.499999999999998,0.0,2
iz207,0.495942,600,9.699999999999998,0.0,3
iz207,0.495942,600,9.899999999999997,0.0,4
iz207,0.495942,600,10.099999999999996,0.7309310878337226,5
iz207,0.495942,600,10.299999999999995,0.4740618891232709,6
iz207,0.495942,600,10.499999999999995,0.27357050034119673,7
iz207,0.495942,600,10.699999999999994,0.21196193734916932,8
iz207,0.495942,600,10.899999999999993,0.11074080135313681,9
iz207,0.495942,600,11.099999999999993,0.07939804974596927,10
iz207,0.495942,600,11.299999999999992,0.04800560638630067,11
iz207,0.495942,600,11.499999999999991,0.02987368562670755,12
iz207,0.495942,600,11.69999999999999,0.0198903019757894,13
iz207,0.495942,600,11.89999999999999,0.011889180163057799,14
iz207,0.495942,600,12.099999999999989,0.007767549157117732,15
iz207,0.495942,600,12.299999999999988,0.004761091036508796,16
iz207,0.495942,600,12.499999999999988,0.0029469136930429978,17
iz207,0.495942,600,12.699999999999987,0.0018339897878897169,18
iz207,0.495942,600,12.899999999999986,0.0010980377982617966,19
iz207,0.495942,600,13.099999999999985,0.0006499017242516057,20
iz207,0.495942,600,13.299999999999985,0.0003769719155253608,21
iz207,0.495942,600,13.499999999999984,0.0002043359133018149,22
iz207,0.495942,600,13.699999999999983,0.00010998584012629134,23
iz207,0.495942,600,13.899999999999983,5.4939372916054e-05,24
iz207,0.495942,600,14.099999999999982,2.5220706280176836e-05,25
iz207,0.495942,600,14.299999999999981,8.139166357933926e-06,26
iz207,0.495942,600,14.49999999999998,3.427017413866916e-06,27
iz207,0.495942,600,14.69999999999998,1.0709429418334114e-06,28
iz207,0.495942,1000,9.1,0.0,0
iz207,0.495942,1000,9.299999999999999,0.0,1
iz207,0.495942,1000,9.499999999999998,0.0,2
iz207,0.495942,1000,9.699999999999998,0.0,3
iz207,0.495942,1000,9.899999999999997,0.0,4
iz207,0.495942,1000,10.099999999999996,0.7323268370603847,5
iz207,0.495942,1000,10.299999999999995,0.4748369519491346,6
iz207,0.495942,1000,10.499999999999995,0.2741526435055185,7
iz207,0.495942,1000,10.699999999999994,0.2123876800062658,8
iz207,0.495942,1000,10.899999999999993,0.11092092324652376,9
iz207,0.495942,1000,11.099999999999993,0.07960278190815956,10
iz207,0.495942,1000,11.299999999999992,0.04809215999485965,11
iz207,0.495942,1000,11.499999999999991,0.029982889678486304,12
iz207,0.495942,1000,11.69999999999999,0.019899972590554153,13
iz207,0.495942,1000,11.89999999999999,0.011915996574321307,14
iz207,0.495942,1000,12.099999999999989,0.007807848740018924,15
iz207,0.495942,1000,12.299999999999988,0.0047763519734299225,16
iz207,0.495942,1000,12.499999999999988,0.0029599149403568554,17
iz207,0.495942,1000,12.699999999999987,0.0018356818777378137,18
iz207,0.495942,1000,12.899999999999986,0.0011015826193992652,19
iz207,0.495942,1000,13.099999999999985,0.0006573447776973478,20
iz207,0.495942,1000,13.299999999999985,0.0003829049394231179,21
iz207,0.495942,1000,13.499999999999984,0.00020896238681053522,22
iz207,0.495942,1000,13.699999999999983,0.00011232049573948818,23
iz207,0.495942,1000,13.899999999999983,5.339721507981389e-05,24
iz207,0.495942,1000,14.099999999999982,2.3967703038231746e-05,25
iz207,0.495942,1000,14.299999999999981,8.80315098187064e-06,26
iz207,0.495942,1000,14.49999999999998,3.3734702667752455e-06,27
iz207,0.495942,1000,14.69999999999998,9.317203593950679e-07,28
iz207,0.495942,1024,9.1,0.0,0
iz207,0.495942,1024,9.299999999999999,0.0,1
iz207,0.495942,1024,9.499999999999998,0.0,2
iz207,0.495942,1024,9.699999999999998,0.0,3
iz207,0.495942,1024,9.899999999999997,0.0,4
iz207,0.495942,1024,10.099999999999996,0.7323884269889696,5
iz207,0.495942,1024,10.299999999999995,0.47484392679971293,6
iz207,0.495942,1024,10.499999999999995,0.2741643005521055,7
iz207,0.495942,1024,10.699999999999994,0.21239895276840498,8
iz207,0.495942,1024,10.899999999999993,0.11093000601401434,9
iz207,0.495942,1024,11.099999999999993,0.07960856449804096,10
iz207,0.495942,1024,11.299999999999992,0.048098149661598935,11
iz207,0.495942,1024,11.499999999999991,0.029982250375750478,12
iz207,0.495942,1024,11.69999999999999,0.0199017489334915,13
iz207,0.495942,1024,11.89999999999999,0.011911531495260617,14
iz207,0.495942,1024,12.099999999999989,0.007807142670684069,15
iz207,0.495942,1024,12.299999999999988,0.004776792482382168,16
iz207,0.495942,1024,12.499999999999988,0.002960383310559073,17
iz207,0.495942,1024,12.699999999999987,0.0018366462283899675,18
iz207,0.495942,1024,12.899999999999986,0.0011008645019563155,19
iz207,0.495942,1024,13.099999999999985,0.0006573121474045888,20
iz207,0.495942,1024,13.299999999999985,0.000383060811821605,21
iz207,0.495942,1024,13.499999999999984,0.000208614246687022,22
iz207,0.495942,1024,13.699999999999983,0.00011219800664051598,23
iz207,0.495942,1024,13.899999999999983,5.409098530432034e-05,24
iz207,0.495942,1024,14.099999999999982,2.3939339783756625e-05,25
iz207,0.495942,1024,14.299999999999981,8.816454101226228e-06,26
iz207,0.495942,1024,14.49999999999998,3.3885304018947775e-06,27
iz207,0.495942,1024,14.69999999999998,9.098831634717459e-07,28
