iz,n_ivols,n_gal,r,r_min,r_max,dd
271,1,71289,0.5388714417563985,0.5,0.584315433076528,64
271,1,71289,0.6410360336897706,0.584315433076528,0.682849050662821,76
271,1,71289,0.7370976589527369,0.682849050662821,0.7979984775278846,136
271,1,71289,0.8664185029836313,0.7979984775278846,0.9325656519822317,186
271,1,71289,1.0186282241085205,0.9325656519822317,1.089825005620585,242
271,1,71289,1.1897382037993478,1.089825005620585,1.2736031402736432,382
271,1,71289,1.3847861102886656,1.2736031402736432,1.4883719409532399,538
271,1,71289,1.6188291097956047,1.4883719409532399,1.73935739051409,750
271,1,71289,1.8918989072203125,1.73935739051409,2.0326667338262,1074
271,1,71289,2.2122937076047684,2.0326667338262,2.3754370857518157,1390
271,1,71289,2.5848307446432712,2.3754370857518157,2.7760090990142356,2112
271,1,71289,3.0220918491988384,2.7760090990142356,3.2441299178297704,2948
271,1,71289,3.5266802178573387,3.2441299178297704,3.7911903557864473,4474
271,1,71289,4.12236609946865,3.7911903557864473,4.430502069233829,6432
271,1,71289,4.817794895209018,4.430502069233829,5.177621470661636,9924
271,1,71289,5.637372302539131,5.177621470661636,6.050728263871968,15046
271,1,71289,6.5876979125580535,6.050728263871968,7.071067811865475,22608
271,1,71289,7.696179310825468,7.071067811865475,8.263468101607344,34530
271,1,71289,8.996583266520402,8.263468101607344,9.656943885009541,53030
271,1,71289,10.511641613885633,9.656943885009541,11.285402696730158,81390
271,1,71289,12.284593169307357,11.285402696730158,13.188469928365798,126380
271,1,71289,14.356780248347919,13.188469928365798,15.412453035619656,197372
271,1,71289,16.77588856756464,15.412453035619656,18.011468340559496,307974
271,1,71289,19.606686354609977,18.011468340559496,21.04875784751639,485024
271,1,71289,22.911385227879933,21.04875784751639,24.598228114789016,763208
271,1,71289,26.776750773959968,24.598228114789016,28.746248627616342,1209658
271,1,71289,31.2933900923822,28.746248627616342,33.59375343234238,1918798
271,1,71289,36.569848335941074,33.59375343234238,39.25869717097048,3044354
271,1,71289,42.736498323116116,39.25869717097048,45.87892527895176,4839648
271,1,71289,49.947751596471754,45.87892527895176,53.61552818691274,7712734
271,1,71289,58.37027211556301,53.61552818691274,62.65676114432542,12296468
271,1,71289,68.2121147363529,62.65676114432542,73.22262504643817,19621950
271,1,71289,79.71471200179666,73.22262504643817,85.57021973001949,31292814
271,1,71289,93.1583994120852,85.57021973001949,100.0,49884270
271,2,142658,0.5413431869312735,0.5,0.584315433076528,282
271,2,142658,0.6382233712852273,0.584315433076528,0.682849050662821,332
271,2,142658,0.73637377794277,0.682849050662821,0.7979984775278846,548
271,2,142658,0.8681262636072843,0.7979984775278846,0.9325656519822317,728
271,2,142658,1.0170644633633577,0.9325656519822317,1.089825005620585,994
271,2,142658,1.1852102493922922,1.089825005620585,1.2736031402736432,1536
271,2,142658,1.3854173168225468,1.2736031402736432,1.4883719409532399,2066
271,2,142658,1.612958559417142,1.4883719409532399,1.73935739051409,2980
271,2,142658,1.890530010095922,1.73935739051409,2.0326667338262,4272
271,2,142658,2.208414630121368,2.0326667338262,2.3754370857518157,5834
271,2,142658,2.5842127713967713,2.3754370857518157,2.7760090990142356,8516
271,2,142658,3.0185610196069597,2.7760090990142356,3.2441299178297704,12072
271,2,142658,3.5291205759527253,3.2441299178297704,3.7911903557864473,18248
271,2,142658,4.124671506147592,3.7911903557864473,4.430502069233829,26400
271,2,142658,4.816365227319672,4.430502069233829,5.177621470661636,39814
271,2,142658,5.633085588960936,5.177621470661636,6.050728263871968,59494
271,2,142658,6.585543807237618,6.050728263871968,7.071067811865475,90626
271,2,142658,7.693509061661141,7.071067811865475,8.263468101607344,138274
271,2,142658,8.994761490639132,8.263468101607344,9.656943885009541,212042
271,2,142658,10.509281670151784,9.656943885009541,11.285402696730158,326548
271,2,142658,12.28138466757401,11.285402696730158,13.188469928365798,508754
271,2,142658,14.355483558683318,13.188469928365798,15.412453035619656,790422
271,2,142658,16.776626329643186,15.412453035619656,18.011468340559496,1236658
271,2,142658,19.606174974825457,18.011468340559496,21.04875784751639,1946002
271,2,142658,22.91175196650874,21.04875784751639,24.598228114789016,3069802
271,2,142658,26.776155446378443,24.598228114789016,28.746248627616342,4857974
271,2,142658,31.29368034716706,28.746248627616342,33.59375343234238,7686102
271,2,142658,36.57080037996253,33.59375343234238,39.25869717097048,12206852
271,2,142658,42.73797974887198,39.25869717097048,45.87892527895176,19401764
271,2,142658,49.94672241514086,45.87892527895176,53.61552818691274,30893482
271,2,142658,58.369075885156846,53.61552818691274,62.65676114432542,49247416
271,2,142658,68.21216004543308,62.65676114432542,73.22262504643817,78550978
271,2,142658,79.71432428345607,73.22262504643817,85.57021973001949,125327864
271,2,142658,93.15842296253949,85.57021973001949,100.0,199766094
271,4,285889,0.5433589907679278,0.5,0.584315433076528,1054
271,4,285889,0.6365494346599266,0.584315433076528,0.682849050662821,1482
271,4,285889,0.7390694167125391,0.682849050662821,0.7979984775278846,2052
271,4,285889,0.8670749578998764,0.7979984775278846,0.9325656519822317,2978
271,4,285889,1.013112493749219,0.9325656519822317,1.089825005620585,4120
271,4,285889,1.1836548035282384,1.089825005620585,1.2736031402736432,5976
271,4,285889,1.3843669747565428,1.2736031402736432,1.4883719409532399,8244
271,4,285889,1.6161305902609382,1.4883719409532399,1.73935739051409,11618
271,4,285889,1.8900072829512002,1.73935739051409,2.0326667338262,16712
271,4,285889,2.209604917660192,2.0326667338262,2.3754370857518157,23556
271,4,285889,2.583691042081929,2.3754370857518157,2.7760090990142356,34256
271,4,285889,3.018647588776161,2.7760090990142356,3.2441299178297704,49096
271,4,285889,3.528920738580425,3.2441299178297704,3.7911903557864473,72456
271,4,285889,4.12294585827223,3.7911903557864473,4.430502069233829,106002
271,4,285889,4.817822608770332,4.430502069233829,5.177621470661636,159550
271,4,285889,5.632497512455026,5.177621470661636,6.050728263871968,239518
271,4,285889,6.584018826832553,6.050728263871968,7.071067811865475,363816
271,4,285889,7.694321674479171,7.071067811865475,8.263468101607344,553286
271,4,285889,8.99350024202796,8.263468101607344,9.656943885009541,851296
271,4,285889,10.509279463245635,9.656943885009541,11.285402696730158,1313206
271,4,285889,12.281907934565412,11.285402696730158,13.188469928365798,2039184
271,4,285889,14.353469021840455,13.188469928365798,15.412453035619656,3177366
271,4,285889,16.775912573149697,15.412453035619656,18.011468340559496,4976768
271,4,285889,19.605574012535918,18.011468340559496,21.04875784751639,7820848
271,4,285889,22.91221758395711,21.04875784751639,24.598228114789016,12328944
271,4,285889,26.77679863065766,24.598228114789016,28.746248627616342,19514500
271,4,285889,31.293052681172373,28.746248627616342,33.59375343234238,30893844
271,4,285889,36.57055896377774,33.59375343234238,39.25869717097048,49056774
271,4,285889,42.73853403360064,39.25869717097048,45.87892527895176,77984938
271,4,285889,49.94608773329285,45.87892527895176,53.61552818691274,124127134
271,4,285889,58.36925134390772,53.61552818691274,62.65676114432542,197833562
271,4,285889,68.21245567378402,62.65676114432542,73.22262504643817,315492364
271,4,285889,79.71442299252422,73.22262504643817,85.57021973001949,503224474
271,4,285889,93.15801056612997,85.57021973001949,100.0,802381968
271,8,573140,0.5434516761490525,0.5,0.584315433076528,4368
271,8,573140,0.6353201187315433,0.584315433076528,0.682849050662821,5852
271,8,573140,0.7408410980614276,0.682849050662821,0.7979984775278846,8452
271,8,573140,0.8680105719374542,0.7979984775278846,0.9325656519822317,12002
271,8,573140,1.0134320027803179,0.9325656519822317,1.089825005620585,16426
271,8,573140,1.1837465531243903,1.089825005620585,1.2736031402736432,23828
271,8,573140,1.3840314286304798,1.2736031402736432,1.4883719409532399,32740
271,8,573140,1.6172219783345958,1.4883719409532399,1.73935739051409,47250
271,8,573140,1.8903137735236957,1.73935739051409,2.0326667338262,66332
271,8,573140,2.2101390797377194,2.0326667338262,2.3754370857518157,94540
271,8,573140,2.58317249495433,2.3754370857518157,2.7760090990142356,136860
271,8,573140,3.018464246240729,2.7760090990142356,3.2441299178297704,197668
271,8,573140,3.528612198181281,3.2441299178297704,3.7911903557864473,289552
271,8,573140,4.123444726002563,3.7911903557864473,4.430502069233829,427262
271,8,573140,4.819284544116844,4.430502069233829,5.177621470661636,641206
271,8,573140,5.632939713797797,5.177621470661636,6.050728263871968,962856
271,8,573140,6.583112556099739,6.050728263871968,7.071067811865475,1457102
271,8,573140,7.693842062882655,7.071067811865475,8.263468101607344,2223814
271,8,573140,8.992432194529856,8.263468101607344,9.656943885009541,3417220
271,8,573140,10.509144218322618,9.656943885009541,11.285402696730158,5273296
271,8,573140,12.282042224659824,11.285402696730158,13.188469928365798,8186466
271,8,573140,14.353786495911958,13.188469928365798,15.412453035619656,12770644
271,8,573140,16.775816046921552,15.412453035619656,18.011468340559496,19990750
271,8,573140,19.605457250069545,18.011468340559496,21.04875784751639,31436132
271,8,573140,22.9121790079763,21.04875784751639,24.598228114789016,49552538
271,8,573140,26.776584831122182,24.598228114789016,28.746248627616342,78373808
271,8,573140,31.292938844958424,28.746248627616342,33.59375343234238,124178374
271,8,573140,36.57050686572701,33.59375343234238,39.25869717097048,197063292
271,8,573140,42.738422727343114,39.25869717097048,45.87892527895176,313390458
271,8,573140,49.946303543348165,45.87892527895176,53.61552818691274,498960188
271,8,573140,58.36911248289067,53.61552818691274,62.65676114432542,795308984
271,8,573140,68.21249745567519,62.65676114432542,73.22262504643817,1268182692
271,8,573140,79.71446109710902,73.22262504643817,85.57021973001949,2022258354
271,8,573140,93.15850146584853,85.57021973001949,100.0,3224944302
271,20,1431334,0.5436714141172848,0.5,0.584315433076528,26412
271,20,1431334,0.6350066650659382,0.584315433076528,0.682849050662821,37472
271,20,1431334,0.741753304799822,0.682849050662821,0.7979984775278846,53152
271,20,1431334,0.8672228459197259,0.7979984775278846,0.9325656519822317,73704
271,20,1431334,1.0135554777087046,0.9325656519822317,1.089825005620585,103460
271,20,1431334,1.1843300388270437,1.089825005620585,1.2736031402736432,146260
271,20,1431334,1.3842679919390823,1.2736031402736432,1.4883719409532399,205236
271,20,1431334,1.617574337908143,1.4883719409532399,1.73935739051409,291118
271,20,1431334,1.890900693089023,1.73935739051409,2.0326667338262,411666
271,20,1431334,2.209921954922815,2.0326667338262,2.3754370857518157,587822
271,20,1431334,2.582947976861111,2.3754370857518157,2.7760090990142356,850408
271,20,1431334,3.018809745437708,2.7760090990142356,3.2441299178297704,1232966
271,20,1431334,3.5284836928921814,3.2441299178297704,3.7911903557864473,1807960
271,20,1431334,4.123458433884641,3.7911903557864473,4.430502069233829,2675190
271,20,1431334,4.819273568008733,4.430502069233829,5.177621470661636,3992058
271,20,1431334,5.632861940744057,5.177621470661636,6.050728263871968,6002520
271,20,1431334,6.583205724455854,6.050728263871968,7.071067811865475,9090874
271,20,1431334,7.693869034147711,7.071067811865475,8.263468101607344,13879284
271,20,1431334,8.991984364280139,8.263468101607344,9.656943885009541,21308522
271,20,1431334,10.509201984710488,9.656943885009541,11.285402696730158,32894066
271,20,1431334,12.282024422777422,11.285402696730158,13.188469928365798,51051782
271,20,1431334,14.354005507452117,13.188469928365798,15.412453035619656,79648362
271,20,1431334,16.77569936929638,15.412453035619656,18.011468340559496,124712898
271,20,1431334,19.605441617493582,18.011468340559496,21.04875784751639,196099344
271,20,1431334,22.91227408273324,21.04875784751639,24.598228114789016,309200630
271,20,1431334,26.77667359808229,24.598228114789016,28.746248627616342,488811132
271,20,1431334,31.292965667882488,28.746248627616342,33.59375343234238,774603882
271,20,1431334,36.57049523800364,33.59375343234238,39.25869717097048,1229653592
271,20,1431334,42.73822726391986,39.25869717097048,45.87892527895176,1954816832
271,20,1431334,49.946064544508545,45.87892527895176,53.61552818691274,3112275030
271,20,1431334,58.36908467046017,53.61552818691274,62.65676114432542,4960132122
271,20,1431334,68.21218635625016,62.65676114432542,73.22262504643817,7908454434
271,20,1431334,79.71495511741311,73.22262504643817,85.57021973001949,12610783744
271,20,1431334,93.15813240594831,85.57021973001949,100.0,20114205356
271,50,3575764,0.5433076855023954,0.5,0.584315433076528,165846
271,50,3575764,0.6349316398881042,0.584315433076528,0.682849050662821,233302
271,50,3575764,0.7420672908422793,0.682849050662821,0.7979984775278846,329928
271,50,3575764,0.8674538470852569,0.7979984775278846,0.9325656519822317,461082
271,50,3575764,1.0135264295300968,0.9325656519822317,1.089825005620585,648746
271,50,3575764,1.1844783852092315,1.089825005620585,1.2736031402736432,911642
271,50,3575764,1.3843455852234021,1.2736031402736432,1.4883719409532399,1286602
271,50,3575764,1.617893038662479,1.4883719409532399,1.73935739051409,1817500
271,50,3575764,1.8909770745777694,1.73935739051409,2.0326667338262,2582904
271,50,3575764,2.209897236310717,2.0326667338262,2.3754370857518157,3679788
271,50,3575764,2.5827640464509667,2.3754370857518157,2.7760090990142356,5306760
271,50,3575764,3.018677236121922,2.7760090990142356,3.2441299178297704,7702850
271,50,3575764,3.5281297236646147,3.2441299178297704,3.7911903557864473,11286682
271,50,3575764,4.123674371586555,3.7911903557864473,4.430502069233829,16689730
271,50,3575764,4.819515843756008,4.430502069233829,5.177621470661636,24908860
271,50,3575764,5.632805166104672,5.177621470661636,6.050728263871968,37482500
271,50,3575764,6.583178043631642,6.050728263871968,7.071067811865475,56783106
271,50,3575764,7.694025545415732,7.071067811865475,8.263468101607344,86665546
271,50,3575764,8.992143455351782,8.263468101607344,9.656943885009541,133064936
271,50,3575764,10.509267391980032,9.656943885009541,11.285402696730158,205503716
271,50,3575764,12.282098800029559,11.285402696730158,13.188469928365798,318903994
271,50,3575764,14.354115100628205,13.188469928365798,15.412453035619656,497317472
271,50,3575764,16.77562712713563,15.412453035619656,18.011468340559496,778690734
271,50,3575764,19.605218908541424,18.011468340559496,21.04875784751639,1224028386
271,50,3575764,22.91214210143445,21.04875784751639,24.598228114789016,1929960522
271,50,3575764,26.776686343896024,24.598228114789016,28.746248627616342,3050869732
271,50,3575764,31.292906534445592,28.746248627616342,33.59375343234238,4834211366
271,50,3575764,36.57061220849963,33.59375343234238,39.25869717097048,7673842050
271,50,3575764,42.738296242670785,39.25869717097048,45.87892527895176,12199768040
271,50,3575764,49.94602446272701,45.87892527895176,53.61552818691274,19422264422
271,50,3575764,58.369126240667626,53.61552818691274,62.65676114432542,30949884948
271,50,3575764,68.21225765123026,62.65676114432542,73.22262504643817,49350952060
271,50,3575764,79.71493214568635,73.22262504643817,85.57021973001949,78693191146
271,50,3575764,93.15844090453568,85.57021973001949,100.0,125533390832
271,100,7152230,0.5433695107327757,0.5,0.584315433076528,665354
271,100,7152230,0.6350064513268706,0.584315433076528,0.682849050662821,934404
271,100,7152230,0.7421660821918329,0.682849050662821,0.7979984775278846,1315948
271,100,7152230,0.8673650613130832,0.7979984775278846,0.9325656519822317,1845028
271,100,7152230,1.0135607165418277,0.9325656519822317,1.089825005620585,2597778
271,100,7152230,1.1845586864406479,1.089825005620585,1.2736031402736432,3650990
271,100,7152230,1.384358329966642,1.2736031402736432,1.4883719409532399,5142800
271,100,7152230,1.61784528844287,1.4883719409532399,1.73935739051409,7269476
271,100,7152230,1.8908623338134523,1.73935739051409,2.0326667338262,10326234
271,100,7152230,2.2098358503843327,2.0326667338262,2.3754370857518157,14743298
271,100,7152230,2.582770594727161,2.3754370857518157,2.7760090990142356,21214498
271,100,7152230,3.0187063862156513,2.7760090990142356,3.2441299178297704,30805830
271,100,7152230,3.5281133768542268,3.2441299178297704,3.7911903557864473,45146468
271,100,7152230,4.123623770854799,3.7911903557864473,4.430502069233829,66770804
271,100,7152230,4.8194839818589195,4.430502069233829,5.177621470661636,99669928
271,100,7152230,5.632749559365747,5.177621470661636,6.050728263871968,149894914
271,100,7152230,6.583167689922105,6.050728263871968,7.071067811865475,227197384
271,100,7152230,7.693995478526815,7.071067811865475,8.263468101607344,346687428
271,100,7152230,8.992137159742741,8.263468101607344,9.656943885009541,532228460
271,100,7152230,10.509194263969565,9.656943885009541,11.285402696730158,821907174
271,100,7152230,12.282151559844241,11.285402696730158,13.188469928365798,1275390832
271,100,7152230,14.354085311462748,13.188469928365798,15.412453035619656,1988833764
271,100,7152230,16.775581732364376,15.412453035619656,18.011468340559496,3114183978
271,100,7152230,19.60529788460529,18.011468340559496,21.04875784751639,4895249700
271,100,7152230,22.912162071983712,21.04875784751639,24.598228114789016,7719808146
271,100,7152230,26.77665846121506,24.598228114789016,28.746248627616342,12203944054
271,100,7152230,31.292924406161287,28.746248627616342,33.59375343234238,19338140386
271,100,7152230,36.5706696114228,33.59375343234238,39.25869717097048,30700353522
271,100,7152230,42.73828152572871,39.25869717097048,45.87892527895176,48809004456
271,100,7152230,49.946107989830104,45.87892527895176,53.61552818691274,77703364316
271,100,7152230,58.36911122658861,53.61552818691274,62.65676114432542,123828194286
271,100,7152230,68.2122489908185,62.65676114432542,73.22262504643817,197456739304
271,100,7152230,79.71487514778636,73.22262504643817,85.57021973001949,314843254330
271,100,7152230,93.15839487901451,85.57021973001949,100.0,502226552202
271,300,21451252,0.5434240726439187,0.5,0.584315433076528,5990142
271,300,21451252,0.6350887695006366,0.584315433076528,0.682849050662821,8423226
271,300,21451252,0.7421792491356453,0.682849050662821,0.7979984775278846,11830980
271,300,21451252,0.8673515038449043,0.7979984775278846,0.9325656519822317,16633508
271,300,21451252,1.0135929177868535,0.9325656519822317,1.089825005620585,23372324
271,300,21451252,1.1845540377923505,1.089825005620585,1.2736031402736432,32859330
271,300,21451252,1.3843525975402908,1.2736031402736432,1.4883719409532399,46264228
271,300,21451252,1.6178463293960004,1.4883719409532399,1.73935739051409,65395498
271,300,21451252,1.890834354773413,1.73935739051409,2.0326667338262,92842776
271,300,21451252,2.2098456610566433,2.0326667338262,2.3754370857518157,132615116
271,300,21451252,2.582774398948518,2.3754370857518157,2.7760090990142356,190871258
271,300,21451252,3.0186912722731254,2.7760090990142356,3.2441299178297704,277211964
271,300,21451252,3.5281425839168516,3.2441299178297704,3.7911903557864473,406284318
271,300,21451252,4.123606776362078,3.7911903557864473,4.430502069233829,600952436
271,300,21451252,4.819455132614118,4.430502069233829,5.177621470661636,896602162
271,300,21451252,5.632729051051705,5.177621470661636,6.050728263871968,1348421564
271,300,21451252,6.5831929507429425,6.050728263871968,7.071067811865475,2043338984
271,300,21451252,7.693950679914794,7.071067811865475,8.263468101607344,3117771536
271,300,21451252,8.992122401726679,8.263468101607344,9.656943885009541,4786145720
271,300,21451252,10.50920862480537,9.656943885009541,11.285402696730158,7390947498
271,300,21451252,12.282162017916326,11.285402696730158,13.188469928365798,11471532114
271,300,21451252,14.354147893647143,13.188469928365798,15.412453035619656,17892329896
271,300,21451252,16.775497626834376,15.412453035619656,18.011468340559496,28018287486
271,300,21451252,19.605257101127545,18.011468340559496,21.04875784751639,44035922460
271,300,21451252,22.91214498599345,21.04875784751639,24.598228114789016,69435539900
271,300,21451252,26.77666933493672,24.598228114789016,28.746248627616342,109764440224
271,300,21451252,31.29293163206368,28.746248627616342,33.59375343234238,173929327628
271,300,21451252,36.57066928461347,33.59375343234238,39.25869717097048,276147269484
271,300,21451252,42.738284755578775,39.25869717097048,45.87892527895176,439049568216
271,300,21451252,49.946171465413926,45.87892527895176,53.61552818691274,698982977160
271,300,21451252,58.36913792624183,53.61552818691274,62.65676114432542,1113940774452
271,300,21451252,68.21224681408042,62.65676114432542,73.22262504643817,1776247715930
271,300,21451252,79.71485313339643,73.22262504643817,85.57021973001949,2832261121656
271,300,21451252,93.15838920160856,85.57021973001949,100.0,4517753380590
271,600,42900001,0.5434457696402315,0.5,0.584315433076528,23960160
271,600,42900001,0.6350947346717759,0.584315433076528,0.682849050662821,33682048
271,600,42900001,0.742195239392649,0.682849050662821,0.7979984775278846,47302324
271,600,42900001,0.8673408167856592,0.7979984775278846,0.9325656519822317,66510284
271,600,42900001,1.0136037715462396,0.9325656519822317,1.089825005620585,93448410
271,600,42900001,1.184554896010091,1.089825005620585,1.2736031402736432,131413544
271,600,42900001,1.3843496850188426,1.2736031402736432,1.4883719409532399,185114548
271,600,42900001,1.6178617563777962,1.4883719409532399,1.73935739051409,261588320
271,600,42900001,1.890825446397631,1.73935739051409,2.0326667338262,371281528
271,600,42900001,2.2098711437079506,2.0326667338262,2.3754370857518157,530370720
271,600,42900001,2.582795757502772,2.3754370857518157,2.7760090990142356,763433406
271,600,42900001,3.018695432132849,2.7760090990142356,3.2441299178297704,1108864688
271,600,42900001,3.5281601105457034,3.2441299178297704,3.7911903557864473,1625233028
271,600,42900001,4.123589399525588,3.7911903557864473,4.430502069233829,2403925016
271,600,42900001,4.8194682364720896,4.430502069233829,5.177621470661636,3586602520
271,600,42900001,5.632740328524706,5.177621470661636,6.050728263871968,5394257822
271,600,42900001,6.5831964378406855,6.050728263871968,7.071067811865475,8174186406
271,600,42900001,7.69396261262895,7.071067811865475,8.263468101607344,12470949656
271,600,42900001,8.992117064986534,8.263468101607344,9.656943885009541,19143958288
271,600,42900001,10.509197044707005,9.656943885009541,11.285402696730158,29562834206
271,600,42900001,12.282168923782839,11.285402696730158,13.188469928365798,45882978130
271,600,42900001,14.35415061147289,13.188469928365798,15.412453035619656,71564582752
271,600,42900001,16.775500368844337,15.412453035619656,18.011468340559496,112071224048
271,600,42900001,19.605244344238145,18.011468340559496,21.04875784751639,176134465192
271,600,42900001,22.912154000215665,21.04875784751639,24.598228114789016,277723541830
271,600,42900001,26.77665836251632,24.598228114789016,28.746248627616342,439034169134
271,600,42900001,31.292908341433925,28.746248627616342,33.59375343234238,695663190614
271,600,42900001,36.57068848940003,33.59375343234238,39.25869717097048,1104476871690
271,600,42900001,42.73828179921408,39.25869717097048,45.87892527895176,1756034882874
271,600,42900001,49.94614819129538,45.87892527895176,53.61552818691274,2795586192466
271,600,42900001,58.36915513916833,53.61552818691274,62.65676114432542,4455099340730
271,600,42900001,68.21227781141994,62.65676114432542,73.22262504643817,7104220835104
271,600,42900001,79.71483528626847,73.22262504643817,85.57021973001949,11327780406594
271,600,42900001,93.15841519207082,85.57021973001949,100.0,18069174999986
271,1000,71489233,0.5434496187610732,0.5,0.584315433076528,66536844
271,1000,71489233,0.635096000413931,0.584315433076528,0.682849050662821,93525444
271,1000,71489233,0.742192026785824,0.682849050662821,0.7979984775278846,131421530
271,1000,71489233,0.8673431297265498,0.7979984775278846,0.9325656519822317,184674304
271,1000,71489233,1.0136090974559553,0.9325656519822317,1.089825005620585,259502178
271,1000,71489233,1.1845582631029152,1.089825005620585,1.2736031402736432,364980880
271,1000,71489233,1.3843451739123944,1.2736031402736432,1.4883719409532399,514128550
271,1000,71489233,1.6178653993867789,1.4883719409532399,1.73935739051409,726454682
271,1000,71489233,1.8908194904220104,1.73935739051409,2.0326667338262,1031015814
271,1000,71489233,2.209875926415654,2.0326667338262,2.3754370857518157,1472715706
271,1000,71489233,2.5827983558578382,2.3754370857518157,2.7760090990142356,2119910166
271,1000,71489233,3.0187017366071385,2.7760090990142356,3.2441299178297704,3079043518
271,1000,71489233,3.528165623976872,3.2441299178297704,3.7911903557864473,4512934672
271,1000,71489233,4.123588308728577,3.7911903557864473,4.430502069233829,6674970090
271,1000,71489233,4.819468758916414,4.430502069233829,5.177621470661636,9959508960
271,1000,71489233,5.632749267245828,5.177621470661636,6.050728263871968,14980341456
271,1000,71489233,6.583197954294438,6.050728263871968,7.071067811865475,22699986250
271,1000,71489233,7.693966609407511,7.071067811865475,8.263468101607344,34630731432
271,1000,71489233,8.992116148091263,8.263468101607344,9.656943885009541,53162948122
271,1000,71489233,10.509195265318569,9.656943885009541,11.285402696730158,82093268826
271,1000,71489233,12.282167165622456,11.285402696730158,13.188469928365798,127415401800
271,1000,71489233,14.354147390714136,13.188469928365798,15.412453035619656,198728766390
271,1000,71489233,16.775498372618852,15.412453035619656,18.011468340559496,311204680104
271,1000,71489233,19.605256849612484,18.011468340559496,21.04875784751639,489114931908
271,1000,71489233,22.912140468320516,21.04875784751639,24.598228114789016,771213900270
271,1000,71489233,26.77667732563237,24.598228114789016,28.746248627616342,1219158649358
271,1000,71489233,31.29290865172013,28.746248627616342,33.59375343234238,1931817646042
271,1000,71489233,36.57066719987833,33.59375343234238,39.25869717097048,3067028775810
271,1000,71489233,42.73827401850022,39.25869717097048,45.87892527895176,4876199573382
271,1000,71489233,49.946163142294125,45.87892527895176,53.61552818691274,7762918169086
271,1000,71489233,58.369152737319574,53.61552818691274,62.65676114432542,12371174222032
271,1000,71489233,68.21229972353112,62.65676114432542,73.22262504643817,19727600028948
271,1000,71489233,79.71482945740117,73.22262504643817,85.57021973001949,31456285119856
271,1000,71489233,93.15843170069236,85.57021973001949,100.0,50176938520796
271,1024,73207982,0.5434492637554083,0.5,0.584315433076528,69778654
271,1024,73207982,0.6350956182130184,0.584315433076528,0.682849050662821,98080758
271,1024,73207982,0.7421922875173684,0.682849050662821,0.7979984775278846,137825796
271,1024,73207982,0.8673432842627382,0.7979984775278846,0.9325656519822317,193673038
271,1024,73207982,1.0136098298878056,0.9325656519822317,1.089825005620585,272136718
271,1024,73207982,1.184556491925405,1.089825005620585,1.2736031402736432,382758448
271,1024,73207982,1.3843454692151291,1.2736031402736432,1.4883719409532399,539167500
271,1024,73207982,1.6178657487860244,1.4883719409532399,1.73935739051409,761852500
271,1024,73207982,1.8908203666029448,1.73935739051409,2.0326667338262,1081242062
271,1024,73207982,2.209876696997919,2.0326667338262,2.3754370857518157,1544415594
271,1024,73207982,2.5827998714304052,2.3754370857518157,2.7760090990142356,2223123710
271,1024,73207982,3.0187010811651436,2.7760090990142356,3.2441299178297704,3228945338
271,1024,73207982,3.528165123132678,3.2441299178297704,3.7911903557864473,4732663508
271,1024,73207982,4.123589005862091,3.7911903557864473,4.430502069233829,6999966422
271,1024,73207982,4.819468798094855,4.430502069233829,5.177621470661636,10444347052
271,1024,73207982,5.632748668126678,5.177621470661636,6.050728263871968,15709456958
271,1024,73207982,6.583198147755414,6.050728263871968,7.071067811865475,23805023804
271,1024,73207982,7.693965231197335,7.071067811865475,8.263468101607344,36316260866
271,1024,73207982,8.992117255345455,8.263468101607344,9.656943885009541,55750093184
271,1024,73207982,10.509192411182159,9.656943885009541,11.285402696730158,86087971872
271,1024,73207982,12.282168920605203,11.285402696730158,13.188469928365798,133615337508
271,1024,73207982,14.354146834596566,13.188469928365798,15.412453035619656,208398329694
271,1024,73207982,16.77549923115712,15.412453035619656,18.011468340559496,326347883666
271,1024,73207982,19.605258381201804,18.011468340559496,21.04875784751639,512918205332
271,1024,73207982,22.912140235107394,21.04875784751639,24.598228114789016,808747979038
271,1024,73207982,26.776674558665317,24.598228114789016,28.746248627616342,1278488049440
271,1024,73207982,31.292907367694017,28.746248627616342,33.59375343234238,2025830898678
271,1024,73207982,36.57066735742691,33.59375343234238,39.25869717097048,3216281642004
271,1024,73207982,42.73827428024434,39.25869717097048,45.87892527895176,5113483414300
271,1024,73207982,49.94616404060027,45.87892527895176,53.61552818691274,8140694257296
271,1024,73207982,58.369154622388415,53.61552818691274,62.65676114432542,12973200386004
271,1024,73207982,68.21229671656367,62.65676114432542,73.22262504643817,20687636589352
271,1024,73207982,79.7148253879808,73.22262504643817,85.57021973001949,32987002182990
271,1024,73207982,93.15843134961098,85.57021973001949,100.0,52618565631118
